date,note_1,note_10,note_100,note_20,note_5,note_50,year,month,quarter,month_sin,month_cos,banknote_total,banknote_total_lag_1,banknote_total_lag_3,banknote_total_lag_6,banknote_total_lag_12,banknote_total_roll_3,banknote_total_roll_6,banknote_total_roll_12,holiday_count,pre_holiday_count,post_holiday_count,hari_raya,cny,deepavali
2001-01-01,623.2,2616.2,8376.3,78.4,740.6,12799.5,2001,1,1,0.49999999999999994,0.8660254037844387,25234.2,24484.0,20343.600000000002,20147.8,24419.699999999997,23429.466666666664,21907.283333333336,21162.033333333336,2,0,3,0,1,0
2001-02-01,540.9,2270.6,7557.5,78.2,644.5,10899.3,2001,2,1,0.8660254037844386,0.5000000000000001,21991.0,25234.2,20570.2,20525.4,21429.199999999997,23903.066666666666,22151.550000000003,21208.850000000002,0,2,2,0,0,0
2001-03-01,490.2,2148.1,7404.4,78.0,592.5,10925.1,2001,3,1,1.0,6.123233995736766e-17,21638.300000000003,21991.0,24484.0,20286.3,20427.8,22954.5,22376.883333333335,21309.725000000002,2,0,0,0,0,0
2001-04-01,462.5,2101.7,7402.8,77.7,563.1,10939.9,2001,4,2,0.8660254037844387,-0.4999999999999998,21547.7,21638.300000000003,25234.2,20343.600000000002,20208.6,21725.666666666668,22577.566666666666,21421.31666666667,0,2,2,0,0,0
2001-05-01,449.1,2081.0,7444.5,77.4,545.9,11104.5,2001,5,2,0.49999999999999994,-0.8660254037844387,21702.4,21547.7,21991.0,20570.2,20167.8,21629.466666666667,22766.266666666666,21549.2,2,2,0,0,0,0
2001-06-01,441.4,2068.7,7307.8,77.3,533.8,10887.5,2001,6,2,1.2246467991473532e-16,-1.0,21316.5,21702.4,21638.300000000003,24484.0,20119.5,21522.2,22238.350000000002,21648.95,2,0,2,0,0,0
2001-07-01,438.2,2066.1,7308.1,77.0,526.8,10881.0,2001,7,3,-0.4999999999999997,-0.8660254037844388,21297.2,21316.5,21547.7,25234.2,20147.8,21438.7,21582.183333333334,21744.733333333334,0,1,2,0,0,0
2001-08-01,442.5,2107.8,7460.3,76.8,523.7,11440.1,2001,8,3,-0.8660254037844384,-0.5000000000000004,22051.2,21297.2,21702.4,21991.0,20525.4,21554.966666666667,21592.21666666667,21871.883333333335,1,0,0,0,0,0
2001-09-01,445.2,2098.2,7489.3,76.7,520.0,11333.4,2001,9,3,-1.0,-1.8369701987210297e-16,21962.8,22051.2,21316.5,21638.300000000003,20286.3,21770.399999999998,21646.3,22011.59166666667,0,0,1,0,0,0
2001-10-01,447.0,2085.0,7402.0,76.5,514.1,11322.8,2001,10,4,-0.8660254037844386,0.5000000000000001,21847.4,21962.8,21297.2,21547.7,20343.600000000002,21953.800000000003,21696.250000000004,22136.908333333336,0,0,0,0,0,0
2001-11-01,519.9,2173.1,7482.6,76.4,551.7,11785.9,2001,11,4,-0.5000000000000004,0.8660254037844384,22589.6,21847.4,22051.2,21702.4,20570.2,22133.266666666666,21844.116666666665,22305.191666666666,0,3,0,0,0,0
2001-12-01,607.3,2266.4,7618.4,76.4,603.6,12262.0,2001,12,4,-2.4492935982947064e-16,1.0,23434.1,22589.6,21962.8,21316.5,24484.0,22623.699999999997,22197.05,22217.7,3,0,0,1,0,0
2002-01-01,755.6,2587.2,8069.6,76.3,728.5,13069.4,2002,1,1,0.49999999999999994,0.8660254037844387,25286.6,23434.1,21847.4,21297.2,25234.2,23770.100000000002,22861.95,22222.066666666666,0,3,3,0,0,0
2002-02-01,728.3,2544.1,7979.5,76.2,714.9,12601.8,2002,2,1,0.8660254037844386,0.5000000000000001,24644.8,25286.6,22589.6,22051.2,21991.0,24455.166666666668,23294.216666666664,22443.216666666664,3,1,0,0,1,0
2002-03-01,658.1,2321.2,7703.2,76.0,644.3,12288.1,2002,3,1,1.0,6.123233995736766e-17,23690.9,24644.8,23434.1,21962.8,21638.300000000003,24540.766666666666,23582.233333333334,22614.266666666666,1,0,3,0,0,0
2002-04-01,618.5,2249.1,7741.1,76.0,610.5,12302.6,2002,4,2,0.8660254037844387,-0.4999999999999998,23597.800000000003,23690.9,25286.6,21847.4,21547.7,23977.833333333332,23873.966666666664,22785.108333333334,0,3,1,0,0,0
2002-05-01,601.9,2233.6,7834.8,75.8,592.8,12731.7,2002,5,2,0.49999999999999994,-0.8660254037844387,24070.600000000002,23597.800000000003,24644.8,22589.6,21702.4,23786.433333333334,24120.800000000003,22982.458333333332,3,1,0,0,0,0
2002-06-01,590.0,2201.5,7748.4,75.7,577.6,12283.8,2002,6,2,1.2246467991473532e-16,-1.0,23477.0,24070.600000000002,23690.9,23434.1,21316.5,23715.133333333335,24127.95,23162.5,1,0,3,0,0,0
2002-07-01,584.8,2197.9,7713.3,75.7,569.3,12123.6,2002,7,3,-0.4999999999999997,-0.8660254037844388,23264.6,23477.0,23597.800000000003,25286.6,21297.2,23604.066666666666,23790.95,23326.449999999997,0,1,1,0,0,0
2002-08-01,584.6,2205.1,7724.4,75.5,565.9,12350.8,2002,8,3,-0.8660254037844384,-0.5000000000000004,23506.3,23264.6,24070.600000000002,24644.8,22051.2,23415.966666666664,23601.2,23447.708333333332,1,0,0,0,0,0
2002-09-01,586.4,2199.7,7711.6,75.5,562.4,12288.0,2002,9,3,-1.0,-1.8369701987210297e-16,23423.6,23506.3,23477.0,23690.9,21962.8,23398.166666666668,23556.650000000005,23569.441666666666,0,0,1,0,0,0
2002-10-01,603.7,2210.4,7739.3,75.3,563.2,12519.0,2002,10,4,-0.8660254037844386,0.5000000000000001,23710.9,23423.6,23264.6,23597.800000000003,21847.4,23546.933333333334,23575.5,23724.733333333334,0,0,0,0,0,0
2002-11-01,770.0,2413.4,8043.9,75.3,633.2,13504.5,2002,11,4,-0.5000000000000004,0.8660254037844384,25440.300000000003,23710.9,23506.3,24070.600000000002,22589.6,24191.600000000002,23803.783333333336,23962.291666666668,0,3,0,0,0,0
2002-12-01,763.3,2345.0,8143.8,75.2,615.6,13328.2,2002,12,4,-2.4492935982947064e-16,1.0,25271.1,25440.300000000003,23423.6,23477.0,23434.1,24807.433333333334,24102.8,24115.375,3,0,0,1,0,0
2003-01-01,959.5,2941.0,9439.2,75.1,714.7,15930.0,2003,1,1,0.49999999999999994,0.8660254037844387,30059.5,25271.1,23710.9,23264.6,25286.6,26923.63333333333,25235.283333333336,24513.116666666665,0,4,3,0,0,0
2003-02-01,874.4,2598.5,8367.1,75.1,664.5,13048.9,2003,2,1,0.8660254037844386,0.5000000000000001,25628.5,30059.5,25440.300000000003,23506.3,24644.8,26986.36666666667,25588.983333333337,24595.091666666664,4,1,0,0,1,0
2003-03-01,806.0,2458.7,8229.8,75.0,624.4,13307.8,2003,3,1,1.0,6.123233995736766e-17,25501.699999999997,25628.5,25271.1,23423.6,23690.9,27063.233333333334,25935.333333333332,24745.99166666667,1,0,4,0,0,0
2003-04-01,763.5,2387.2,8193.8,74.9,601.3,13235.7,2003,4,2,0.8660254037844387,-0.4999999999999998,25256.4,25501.699999999997,30059.5,23710.9,23597.800000000003,25462.2,26192.916666666668,24884.208333333332,0,3,1,0,0,0
2003-05-01,743.7,2374.4,8379.4,74.9,591.9,13569.5,2003,5,2,0.49999999999999994,-0.8660254037844387,25733.800000000003,25256.4,25628.5,25440.300000000003,24070.600000000002,25497.3,26241.833333333332,25022.808333333334,3,1,0,0,0,0
2003-06-01,732.3,2362.0,8310.6,74.8,587.4,13433.3,2003,6,2,1.2246467991473532e-16,-1.0,25500.4,25733.800000000003,25501.699999999997,25271.1,23477.0,25496.86666666667,26280.050000000003,25191.425,1,0,3,0,0,0
2003-07-01,723.7,2346.0,8274.9,74.7,582.7,13326.7,2003,7,3,-0.4999999999999997,-0.8660254037844388,25328.699999999997,25500.4,25256.4,30059.5,23264.6,25520.966666666664,25491.583333333332,25363.433333333334,0,1,1,0,0,0
2003-08-01,721.6,2377.7,8397.0,74.6,582.2,13881.8,2003,8,3,-0.8660254037844384,-0.5000000000000004,26034.899999999998,25328.699999999997,25733.800000000003,25628.5,23506.3,25621.333333333332,25559.316666666666,25574.149999999998,1,1,0,0,0,0
2003-09-01,722.8,2372.1,8439.0,74.6,582.4,13739.7,2003,9,3,-1.0,-1.8369701987210297e-16,25930.6,26034.899999999998,25500.4,25501.699999999997,23423.6,25764.733333333334,25630.8,25783.066666666666,1,0,1,0,0,0
2003-10-01,731.8,2374.2,8494.8,74.5,585.4,13855.8,2003,10,4,-0.8660254037844386,0.5000000000000001,26116.499999999996,25930.6,25328.699999999997,25256.4,23710.9,26027.333333333332,25774.149999999998,25983.53333333333,0,2,1,0,0,0
2003-11-01,904.7,2611.7,8981.7,74.5,697.7,15813.4,2003,11,4,-0.5000000000000004,0.8660254037844384,29083.7,26116.499999999996,26034.899999999998,25733.800000000003,25440.300000000003,27043.600000000002,26332.466666666664,26287.149999999998,2,1,0,1,0,0
2003-12-01,872.5,2454.9,8854.9,74.4,671.5,14665.3,2003,12,4,-2.4492935982947064e-16,1.0,27593.5,29083.7,25930.6,25500.4,25271.1,27597.899999999998,26681.316666666666,26480.683333333334,1,2,2,0,0,0
2004-01-01,1075.9,3001.8,9694.2,74.4,786.9,16566.9,2004,1,1,0.49999999999999994,0.8660254037844387,31200.100000000002,27593.5,26116.499999999996,25328.699999999997,30059.5,29292.433333333334,27659.883333333335,26575.733333333334,2,2,1,0,1,0
2004-02-01,968.1,2701.7,9154.3,74.3,721.9,14988.2,2004,2,1,0.8660254037844386,0.5000000000000001,28608.5,31200.100000000002,29083.7,26034.899999999998,25628.5,29134.033333333336,28088.816666666666,26824.066666666666,2,0,2,0,0,0
2004-03-01,901.5,2579.4,9369.4,74.2,681.5,15045.3,2004,3,1,1.0,6.123233995736766e-17,28651.299999999996,28608.5,27593.5,25930.6,25501.699999999997,29486.63333333333,28542.266666666666,27086.533333333336,0,0,2,0,0,0
2004-04-01,868.6,2537.6,9339.4,74.2,659.0,15693.7,2004,4,2,0.8660254037844387,-0.4999999999999998,29172.5,28651.299999999996,31200.100000000002,26116.499999999996,25256.4,28810.766666666663,29051.600000000002,27412.875,0,4,0,0,0,0
2004-05-01,848.8,2501.9,9186.5,74.2,644.2,15406.2,2004,5,2,0.49999999999999994,-0.8660254037844387,28661.8,29172.5,28608.5,29083.7,25733.800000000003,28828.53333333333,28981.28333333333,27656.875,4,1,0,0,0,0
2004-06-01,834.9,2472.3,9092.7,74.1,634.8,14923.9,2004,6,2,1.2246467991473532e-16,-1.0,28032.7,28661.8,28651.299999999996,27593.5,25500.4,28622.333333333332,29054.483333333334,27867.899999999994,1,0,4,0,0,0
2004-07-01,826.7,2476.1,9074.9,74.1,625.8,15134.4,2004,7,3,-0.4999999999999997,-0.8660254037844388,28212.0,28032.7,29172.5,31200.100000000002,25328.699999999997,28302.166666666668,28556.466666666664,28108.175,0,1,1,0,0,0
2004-08-01,822.4,2476.6,9226.2,74.0,618.7,15521.7,2004,8,3,-0.8660254037844384,-0.5000000000000004,28739.600000000002,28212.0,28661.8,28608.5,26034.899999999998,28328.100000000002,28578.316666666666,28333.566666666666,1,0,0,0,0,0
2004-09-01,821.6,2459.7,9233.2,74.0,610.1,15177.2,2004,9,3,-1.0,-1.8369701987210297e-16,28375.8,28739.600000000002,28032.7,28651.299999999996,25930.6,28442.466666666664,28532.399999999998,28537.333333333332,0,0,1,0,0,0
2004-10-01,975.1,2660.6,9498.9,74.0,771.0,16505.7,2004,10,4,-0.8660254037844386,0.5000000000000001,30485.300000000003,28375.8,28212.0,29172.5,26116.499999999996,29200.233333333337,28751.2,28901.399999999998,0,3,0,0,0,0
2004-11-01,1002.1,2581.9,9503.1,74.0,827.8,15465.5,2004,11,4,-0.5000000000000004,0.8660254037844384,29454.4,30485.300000000003,28739.600000000002,28661.8,29083.7,29438.5,28883.300000000003,28932.291666666668,3,1,0,1,0,0
2004-12-01,938.4,2511.5,9605.3,73.9,806.1,16569.9,2004,12,4,-2.4492935982947064e-16,1.0,30505.100000000002,29454.4,28375.8,28032.7,27593.5,30148.266666666666,29295.36666666667,29174.925,1,1,3,0,0,0
2005-01-01,1129.0,3096.0,10068.4,73.9,1032.2,18012.6,2005,1,1,0.49999999999999994,0.8660254037844387,33412.1,30505.100000000002,30485.300000000003,28212.0,31200.100000000002,31123.86666666667,30162.05,29359.258333333335,1,2,1,0,0,0
2005-02-01,1076.5,2926.4,9771.9,73.9,1027.8,17269.7,2005,2,1,0.8660254037844386,0.5000000000000001,32146.200000000004,33412.1,29454.4,28739.600000000002,28608.5,32021.133333333335,30729.816666666666,29654.06666666667,2,0,1,0,1,0
2005-03-01,982.7,2662.9,9435.5,73.8,991.5,16451.0,2005,3,1,1.0,6.123233995736766e-17,30597.4,32146.200000000004,30505.100000000002,28375.8,28651.299999999996,32051.900000000005,31100.083333333332,29816.241666666665,0,1,2,0,0,0
2005-04-01,938.1,2591.6,9449.5,73.8,970.8,16890.0,2005,4,2,0.8660254037844387,-0.4999999999999998,30913.8,30597.4,33412.1,30485.300000000003,29172.5,31219.133333333335,31171.5,29961.350000000002,1,4,0,0,0,0
2005-05-01,909.7,2543.7,9343.9,73.8,959.0,16642.4,2005,5,2,0.49999999999999994,-0.8660254037844387,30472.5,30913.8,32146.200000000004,29454.4,28661.8,30661.233333333337,31341.183333333334,30112.241666666665,4,1,1,0,0,0
2005-06-01,889.5,2504.6,9259.0,73.7,947.5,16270.7,2005,6,2,1.2246467991473532e-16,-1.0,29945.0,30472.5,30597.4,30505.100000000002,28032.7,30443.766666666666,31247.833333333332,30271.599999999995,1,0,4,0,0,0
2005-07-01,878.6,2516.1,9545.9,73.7,893.2,16703.7,2005,7,3,-0.4999999999999997,-0.8660254037844388,30611.199999999997,29945.0,30913.8,33412.1,28212.0,30342.899999999998,30781.016666666666,30471.53333333333,0,1,1,0,0,0
2005-08-01,872.8,2535.9,9642.1,73.7,853.2,17082.6,2005,8,3,-0.8660254037844384,-0.5000000000000004,31060.299999999996,30611.199999999997,30472.5,32146.200000000004,28739.600000000002,30538.833333333332,30600.033333333336,30664.925,1,0,0,0,0,0
2005-09-01,881.1,2531.6,9610.0,73.6,845.2,16849.6,2005,9,3,-1.0,-1.8369701987210297e-16,30791.1,31060.299999999996,29945.0,30597.4,28375.8,30820.866666666665,30632.316666666662,30866.2,0,0,1,0,0,0
2005-10-01,1089.3,2826.8,10304.4,73.6,988.3,20587.2,2005,10,4,-0.8660254037844386,0.5000000000000001,35869.6,30791.1,30611.199999999997,30913.8,30485.300000000003,32573.666666666668,31458.28333333333,31314.891666666666,0,2,0,0,0,0
2005-11-01,1032.2,2609.7,9837.4,73.6,944.8,17168.1,2005,11,4,-0.5000000000000004,0.8660254037844384,31665.799999999996,35869.6,31060.299999999996,30472.5,29454.4,32775.5,31657.16666666666,31499.175,2,2,0,1,0,0
2005-12-01,980.1,2576.8,10102.0,73.5,905.2,18152.8,2005,12,4,-2.4492935982947064e-16,1.0,32790.4,31665.799999999996,30791.1,29945.0,30505.100000000002,33441.933333333334,32131.399999999994,31689.61666666667,2,4,2,0,0,0
2006-01-01,1209.0,3316.5,11618.2,73.5,1050.6,21756.4,2006,1,1,0.49999999999999994,0.8660254037844387,39024.2,32790.4,35869.6,30611.199999999997,33412.1,34493.46666666667,33533.566666666666,32157.291666666668,4,1,2,0,1,0
2006-02-01,1103.2,2941.3,10491.6,73.5,993.6,18196.6,2006,2,1,0.8660254037844386,0.5000000000000001,33799.799999999996,39024.2,31665.799999999996,31060.299999999996,32146.200000000004,35204.799999999996,33990.149999999994,32295.091666666664,1,0,4,0,1,0
2006-03-01,1034.1,2761.3,10280.2,73.4,928.2,18037.6,2006,3,1,1.0,6.123233995736766e-17,33114.8,33799.799999999996,32790.4,30791.1,30597.4,35312.93333333334,34377.433333333334,32504.875,0,1,1,0,0,0
2006-04-01,1002.8,2718.9,10420.2,73.4,894.3,18461.5,2006,4,2,0.8660254037844387,-0.4999999999999998,33571.100000000006,33114.8,39024.2,35869.6,30913.8,33495.23333333334,33994.35,32726.316666666666,1,2,0,0,0,0
2006-05-01,978.4,2678.3,10414.6,73.4,868.0,17978.9,2006,5,2,0.49999999999999994,-0.8660254037844387,32991.6,33571.100000000006,33799.799999999996,31665.799999999996,30472.5,33225.83333333334,34215.31666666667,32936.24166666667,2,1,1,0,0,0
2006-06-01,967.9,2675.3,10384.4,73.3,855.9,18256.5,2006,6,2,1.2246467991473532e-16,-1.0,33213.3,32991.6,33114.8,32790.4,29945.0,33258.66666666667,34285.799999999996,33208.6,1,0,2,0,0,0
2006-07-01,959.7,2689.6,10450.7,73.3,844.7,18676.2,2006,7,3,-0.4999999999999997,-0.8660254037844388,33694.2,33213.3,33571.100000000006,39024.2,30611.199999999997,33299.700000000004,33397.46666666667,33465.51666666667,0,1,1,0,0,0
2006-08-01,955.6,2704.2,10513.3,73.3,840.0,18804.5,2006,8,3,-0.8660254037844384,-0.5000000000000004,33890.899999999994,33694.2,32991.6,33799.799999999996,31060.299999999996,33599.46666666667,33412.65,33701.4,1,0,0,0,0,0
2006-09-01,964.2,2702.9,10439.0,73.3,841.2,18808.8,2006,9,3,-1.0,-1.8369701987210297e-16,33829.4,33890.899999999994,33213.3,33114.8,30791.1,33804.833333333336,33531.75,33954.59166666667,0,2,1,0,0,0
2006-10-01,1194.8,2991.3,10873.2,73.2,999.2,20194.3,2006,10,4,-0.8660254037844386,0.5000000000000001,36326.0,33829.4,33694.2,33571.100000000006,35869.6,34682.100000000006,33990.9,33992.625,2,0,0,1,0,0
2006-11-01,1099.9,2746.1,10557.1,73.2,928.9,18462.8,2006,11,4,-0.5000000000000004,0.8660254037844384,33868.0,36326.0,33890.899999999994,32991.6,31665.799999999996,34674.466666666674,34136.96666666667,34176.14166666667,0,2,2,0,0,0
2006-12-01,1060.6,2766.3,10871.9,73.2,899.0,20516.3,2006,12,4,-2.4492935982947064e-16,1.0,36187.299999999996,33868.0,33829.4,33213.3,32790.4,35460.43333333334,34632.63333333333,34459.21666666667,2,1,0,0,0,0
2007-01-01,1182.9,3125.0,11122.6,73.2,1039.6,20329.0,2007,1,1,0.49999999999999994,0.8660254037844387,36872.3,36187.299999999996,36326.0,33694.2,39024.2,35642.53333333334,35162.31666666666,34279.89166666667,1,3,2,0,0,0
2007-02-01,1250.5,3389.9,11518.3,73.2,1125.5,21111.8,2007,2,1,0.8660254037844386,0.5000000000000001,38469.2,36872.3,33868.0,33890.899999999994,33799.799999999996,37176.26666666667,35925.36666666667,34669.00833333333,3,1,1,0,1,0
2007-03-01,1154.5,3078.7,10996.8,73.1,1027.9,20128.7,2007,3,1,1.0,6.123233995736766e-17,36459.7,38469.2,36187.299999999996,33829.4,33114.8,37267.06666666667,36363.75,34947.75,1,0,3,0,0,0
2007-04-01,1109.2,3010.4,11079.6,73.1,975.0,21309.1,2007,4,2,0.8660254037844387,-0.4999999999999998,37556.4,36459.7,36872.3,36326.0,33571.100000000006,37495.100000000006,36568.816666666666,35279.85833333333,0,1,1,0,0,0
2007-05-01,1077.7,2916.8,10908.8,73.1,939.9,19993.6,2007,5,2,0.49999999999999994,-0.8660254037844387,35909.899999999994,37556.4,38469.2,33868.0,32991.6,36642.0,36909.13333333333,35523.049999999996,1,1,0,0,0,0
2007-06-01,1062.8,2927.1,10913.7,73.0,919.7,20474.6,2007,6,2,1.2246467991473532e-16,-1.0,36370.899999999994,35909.899999999994,36459.7,36187.299999999996,33213.3,36612.4,36939.73333333333,35786.18333333333,1,0,1,0,0,0
2007-07-01,1051.7,2952.5,11048.6,73.0,909.0,20739.4,2007,7,3,-0.4999999999999997,-0.8660254037844388,36774.200000000004,36370.899999999994,37556.4,36872.3,33694.2,36351.66666666667,36923.38333333333,36042.85,0,1,1,0,0,0
2007-08-01,1052.4,3013.5,11296.0,73.0,902.8,22074.1,2007,8,3,-0.8660254037844384,-0.5000000000000004,38411.8,36774.200000000004,35909.899999999994,38469.2,33890.899999999994,37185.63333333334,36913.816666666666,36419.59166666667,1,0,0,0,0,0
2007-09-01,1225.4,3195.2,11468.6,73.0,1018.7,22827.2,2007,9,3,-1.0,-1.8369701987210297e-16,39808.1,38411.8,36370.899999999994,36459.7,33829.4,38331.366666666676,37471.88333333334,36917.816666666666,0,3,1,0,0,0
2007-10-01,1287.9,3154.0,11327.2,73.0,1046.8,21019.4,2007,10,4,-0.8660254037844386,0.5000000000000001,37908.3,39808.1,36774.200000000004,37556.4,36326.0,38709.4,37530.53333333333,37049.674999999996,3,0,0,1,0,0
2007-11-01,1195.2,3054.4,11556.3,73.0,984.8,21944.0,2007,11,4,-0.5000000000000004,0.8660254037844384,38807.7,37908.3,38411.8,35909.899999999994,33868.0,38841.36666666667,38013.5,37461.316666666666,0,2,3,0,0,0
2007-12-01,1163.2,3075.3,11808.3,73.0,961.5,23267.2,2007,12,4,-2.4492935982947064e-16,1.0,40348.5,38807.7,39808.1,36370.899999999994,36187.299999999996,39021.5,38676.433333333334,37808.083333333336,2,1,0,0,0,0
2008-01-01,1392.9,3829.9,12894.0,73.0,1245.2,25755.4,2008,1,1,0.49999999999999994,0.8660254037844387,45190.4,40348.5,37908.3,36774.200000000004,36872.3,41448.866666666676,40079.13333333334,38501.25833333333,1,2,2,0,0,0
2008-02-01,1309.0,3594.4,13011.4,72.9,1162.7,24868.1,2008,2,1,0.8660254037844386,0.5000000000000001,44018.5,45190.4,38807.7,38411.8,38469.2,43185.80000000001,41013.583333333336,38963.700000000004,2,1,1,0,1,0
2008-03-01,1244.0,3413.5,12927.6,72.9,1087.7,24185.5,2008,3,1,1.0,6.123233995736766e-17,42931.2,44018.5,40348.5,39808.1,36459.7,44046.70000000001,41534.1,39502.99166666666,1,0,2,0,0,0
2008-04-01,1200.9,3310.7,12698.0,72.9,1041.8,23633.9,2008,4,2,0.8660254037844387,-0.4999999999999998,41958.2,42931.2,45190.4,37908.3,37556.4,42969.3,42209.083333333336,39869.808333333334,0,2,1,0,0,0
2008-05-01,1181.0,3279.3,12858.0,72.9,1018.6,24128.8,2008,5,2,0.49999999999999994,-0.8660254037844387,42538.6,41958.2,44018.5,38807.7,35909.899999999994,42476.0,42830.9,40422.2,2,1,0,0,0,0
2008-06-01,1169.5,3292.1,12923.2,72.9,1020.1,24509.7,2008,6,2,1.2246467991473532e-16,-1.0,42987.5,42538.6,42931.2,40348.5,36370.899999999994,42494.76666666667,43270.73333333333,40973.583333333336,1,0,2,0,0,0
2008-07-01,1159.9,3252.6,12840.5,72.8,1000.6,24022.0,2008,7,3,-0.4999999999999997,-0.8660254037844388,42348.4,42987.5,41958.2,45190.4,36774.200000000004,42624.833333333336,42797.066666666666,41438.1,0,1,1,0,0,0
2008-08-01,1165.7,3302.6,13095.0,72.8,997.5,26185.3,2008,8,3,-0.8660254037844384,-0.5000000000000004,44818.899999999994,42348.4,42538.6,44018.5,38411.8,43384.93333333334,42930.46666666667,41972.025,1,1,0,0,0,0
2008-09-01,1458.7,3637.0,13892.7,72.8,1188.7,29429.3,2008,9,3,-1.0,-1.8369701987210297e-16,49679.2,44818.899999999994,42987.5,42931.2,39808.1,45615.5,44055.13333333333,42794.61666666666,1,2,1,0,0,0
2008-10-01,1372.0,3389.3,13302.1,72.8,1122.8,25361.7,2008,10,4,-0.8660254037844386,0.5000000000000001,44620.700000000004,49679.2,42348.4,41958.2,37908.3,46372.93333333334,44498.88333333333,43353.98333333333,2,0,1,1,0,0
2008-11-01,1287.4,3293.8,13176.0,72.8,1066.6,25520.9,2008,11,4,-0.5000000000000004,0.8660254037844384,44417.5,44620.700000000004,44818.899999999994,42538.6,38807.7,46239.13333333334,44812.03333333333,43821.46666666667,0,3,2,0,0,0
2008-12-01,1259.2,3327.3,13626.7,72.8,1050.1,26711.1,2008,12,4,-2.4492935982947064e-16,1.0,46047.2,44417.5,49679.2,42987.5,40348.5,45028.466666666674,45321.98333333333,44296.35833333333,3,2,0,0,0,0
2009-01-01,1489.9,4117.2,14542.8,72.8,1300.7,29722.5,2009,1,1,0.49999999999999994,0.8660254037844387,51245.899999999994,46047.2,44620.700000000004,42348.4,45190.4,47236.86666666667,46804.899999999994,44800.98333333333,2,0,3,0,1,0
2009-02-01,1379.8,3706.6,13789.9,72.8,1198.7,26101.0,2009,2,1,0.8660254037844386,0.5000000000000001,46248.8,51245.899999999994,44417.5,44818.899999999994,44018.5,47847.299999999996,47043.21666666667,44986.84166666667,0,1,2,0,0,0
2009-03-01,1317.5,3560.6,13696.3,72.8,1130.5,25789.9,2009,3,1,1.0,6.123233995736766e-17,45567.600000000006,46248.8,46047.2,49679.2,42931.2,47687.43333333334,46357.950000000004,45206.541666666664,1,0,0,0,0,0
2009-04-01,1281.9,3523.6,13772.3,72.7,1094.6,25909.2,2009,4,2,0.8660254037844387,-0.4999999999999998,45654.3,45567.600000000006,51245.899999999994,44620.700000000004,41958.2,45823.56666666668,46530.21666666667,45514.549999999996,0,2,1,0,0,0
2009-05-01,1259.5,3487.2,13805.5,72.7,1072.1,26291.7,2009,5,2,0.49999999999999994,-0.8660254037844387,45988.7,45654.3,46248.8,44417.5,42538.6,45736.86666666667,46792.083333333336,45802.05833333334,2,1,0,0,0,0
2009-06-01,1246.1,3453.3,13861.1,72.7,1057.5,25992.5,2009,6,2,1.2246467991473532e-16,-1.0,45683.2,45988.7,45567.600000000006,46047.2,42987.5,45775.4,46731.416666666664,46026.700000000004,1,0,2,0,0,0
2009-07-01,1236.6,3481.6,13870.2,72.7,1047.3,26325.2,2009,7,3,-0.4999999999999997,-0.8660254037844388,46033.600000000006,45683.2,45654.3,51245.899999999994,42348.4,45901.83333333334,45862.700000000004,46333.799999999996,0,1,1,0,0,0
2009-08-01,1301.1,3565.3,14051.3,72.7,1087.8,28064.8,2009,8,3,-0.8660254037844384,-0.5000000000000004,48143.0,46033.600000000006,45988.7,46248.8,44818.899999999994,46619.93333333334,46178.4,46610.80833333333,1,3,0,0,0,0
2009-09-01,1525.8,3745.0,14078.5,72.7,1242.6,27208.5,2009,9,3,-1.0,-1.8369701987210297e-16,47873.1,48143.0,45683.2,45567.600000000006,49679.2,47349.9,46562.65,46460.299999999996,3,0,1,1,0,0
2009-10-01,1415.9,3551.0,13841.1,72.7,1157.3,26610.2,2009,10,4,-0.8660254037844386,0.5000000000000001,46648.2,47873.1,46033.600000000006,45654.3,44620.700000000004,47554.76666666667,46728.299999999996,46629.25833333333,0,1,3,0,0,0
2009-11-01,1349.5,3514.7,14175.7,72.7,1110.0,28184.3,2009,11,4,-0.5000000000000004,0.8660254037844384,48406.899999999994,46648.2,48143.0,45988.7,44417.5,47642.73333333334,47131.333333333336,46961.708333333336,1,2,0,0,0,0
2009-12-01,1316.1,3544.9,14409.6,72.7,1086.7,28598.5,2009,12,4,-2.4492935982947064e-16,1.0,49028.5,48406.899999999994,47873.1,45683.2,46047.2,48027.86666666667,47688.88333333333,47210.15,2,0,1,0,0,0
2010-01-01,1477.7,4193.1,15098.5,72.7,1301.9,30011.1,2010,1,1,0.49999999999999994,0.8660254037844387,52155.0,49028.5,46648.2,46033.600000000006,51245.899999999994,49863.466666666674,48709.11666666666,47285.90833333333,0,4,2,0,0,0
2010-02-01,1529.0,4378.9,15393.8,72.7,1349.7,30328.5,2010,2,1,0.8660254037844386,0.5000000000000001,53052.600000000006,52155.0,48406.899999999994,48143.0,46248.8,51412.03333333335,49527.38333333333,47852.89166666666,4,0,0,0,1,0
2010-03-01,1428.3,4019.0,14504.8,72.6,1230.7,28814.8,2010,3,1,1.0,6.123233995736766e-17,50070.2,53052.600000000006,49028.5,47873.1,45567.600000000006,51759.26666666667,49893.56666666667,48228.10833333334,0,0,4,0,0,0
2010-04-01,1380.5,3915.4,14234.6,72.6,1174.9,29126.1,2010,4,2,0.8660254037844387,-0.4999999999999998,49904.1,50070.2,52155.0,46648.2,45654.3,51008.966666666674,50436.21666666667,48582.25833333333,0,2,0,0,0,0
2010-05-01,1358.5,3902.6,14279.1,72.6,1149.2,30284.0,2010,5,2,0.49999999999999994,-0.8660254037844387,51046.0,49904.1,53052.600000000006,48406.899999999994,45988.7,50340.100000000006,50876.06666666667,49003.700000000004,2,1,0,0,0,0
2010-06-01,1339.2,3813.5,13909.7,72.6,1129.8,28913.9,2010,6,2,1.2246467991473532e-16,-1.0,49178.7,51046.0,50070.2,49028.5,45683.2,50042.93333333334,50901.1,49294.99166666667,1,0,2,0,0,0
2010-07-01,1331.0,3826.8,13835.7,72.6,1119.0,29369.9,2010,7,3,-0.4999999999999997,-0.8660254037844388,49555.0,49178.7,49904.1,52155.0,46033.600000000006,49926.56666666667,50467.76666666666,49588.44166666666,0,1,1,0,0,0
2010-08-01,1598.4,4180.8,14296.9,72.6,1335.1,32248.0,2010,8,3,-0.8660254037844384,-0.5000000000000004,53731.8,49555.0,51046.0,53052.600000000006,48143.0,50821.833333333336,50580.96666666667,50054.174999999996,1,3,0,0,0,0
2010-09-01,1570.9,3990.9,14118.5,72.6,1275.6,29369.1,2010,9,3,-1.0,-1.8369701987210297e-16,50397.6,53731.8,49178.7,50070.2,47873.1,51228.13333333334,50635.533333333326,50264.549999999996,3,0,1,1,0,0
2010-10-01,1471.6,3922.8,14251.7,72.6,1201.9,30714.6,2010,10,4,-0.8660254037844386,0.5000000000000001,51635.2,50397.6,49555.0,49904.1,46648.2,51921.53333333335,50924.049999999996,50680.13333333333,0,1,3,0,0,0
2010-11-01,1424.4,3877.5,14305.8,72.6,1170.2,29873.5,2010,11,4,-0.5000000000000004,0.8660254037844384,50724.0,51635.2,53731.8,51046.0,48406.899999999994,50918.93333333333,50870.38333333333,50873.225,1,2,0,0,0,0
2010-12-01,1402.3,3947.9,14655.6,72.6,1153.4,32308.2,2010,12,4,-2.4492935982947064e-16,1.0,53540.0,50724.0,50397.6,49178.7,49028.5,51966.4,51597.26666666666,51249.18333333333,2,0,1,0,0,0
2011-01-01,1654.9,4584.1,16494.4,72.6,1474.4,36921.4,2011,1,1,0.49999999999999994,0.8660254037844387,61201.8,53540.0,51635.2,49555.0,52155.0,55155.26666666667,53538.4,52003.083333333336,0,3,2,0,0,0
2011-02-01,1582.8,4337.8,15538.0,72.6,1371.6,32814.9,2011,2,1,0.8660254037844386,0.5000000000000001,55717.700000000004,61201.8,50724.0,53731.8,53052.600000000006,56819.83333333334,53869.38333333333,52225.174999999996,3,0,0,0,1,0
2011-03-01,1515.0,4161.6,15345.2,72.5,1286.9,31293.4,2011,3,1,1.0,6.123233995736766e-17,53674.600000000006,55717.700000000004,53540.0,50397.6,50070.2,56864.70000000001,54415.549999999996,52525.541666666664,0,0,3,0,0,0
2011-04-01,1482.6,4159.5,15605.8,72.5,1247.0,33031.2,2011,4,2,0.8660254037844387,-0.4999999999999998,55598.59999999999,53674.600000000006,61201.8,51635.2,49904.1,54996.966666666674,55076.11666666667,53000.083333333336,0,3,0,0,0,0
2011-05-01,1466.5,4123.5,15514.2,72.5,1223.3,32747.5,2011,5,2,0.49999999999999994,-0.8660254037844387,55147.5,55598.59999999999,55717.700000000004,50724.0,51046.0,54806.9,55813.36666666667,53341.875,3,1,0,0,0,0
2011-06-01,1456.3,4082.2,15537.0,72.5,1206.3,32051.6,2011,6,2,1.2246467991473532e-16,-1.0,54405.899999999994,55147.5,53674.600000000006,53540.0,49178.7,55050.666666666664,55957.68333333334,53777.475000000006,1,0,3,0,0,0
2011-07-01,1466.6,4122.6,15756.3,72.5,1204.4,33761.5,2011,7,3,-0.4999999999999997,-0.8660254037844388,56383.899999999994,54405.899999999994,55598.59999999999,61201.8,49555.0,55312.43333333334,55154.700000000004,54346.549999999996,0,1,1,0,0,0
2011-08-01,1821.6,4634.8,16808.6,72.5,1434.3,39001.6,2011,8,3,-0.8660254037844384,-0.5000000000000004,63773.399999999994,56383.899999999994,55147.5,55717.700000000004,53731.8,58187.73333333334,56497.31666666667,55183.35,1,2,0,1,0,0
2011-09-01,1714.8,4299.7,15905.8,72.5,1337.5,33598.2,2011,9,3,-1.0,-1.8369701987210297e-16,56928.5,63773.399999999994,54405.899999999994,53674.600000000006,50397.6,59028.600000000006,57039.63333333333,55727.59166666667,2,0,1,1,0,0
2011-10-01,1628.8,4278.8,16014.4,72.5,1278.7,33983.1,2011,10,4,-0.8660254037844386,0.5000000000000001,57256.3,56928.5,56383.899999999994,55598.59999999999,51635.2,59319.4,57315.916666666664,56196.01666666667,0,2,2,0,0,0
2011-11-01,1579.2,4250.3,16144.9,72.5,1246.4,33799.8,2011,11,4,-0.5000000000000004,0.8660254037844384,57093.100000000006,57256.3,63773.399999999994,55147.5,50724.0,57092.63333333334,57640.18333333333,56726.775,2,2,0,0,0,0
2011-12-01,1579.5,4370.2,16511.8,73.4,1251.3,35704.3,2011,12,4,-2.4492935982947064e-16,1.0,59490.5,57093.100000000006,56928.5,54405.899999999994,53540.0,57946.63333333334,58487.61666666666,57222.65,2,2,2,0,0,0
2012-01-01,1821.3,5193.8,17909.3,74.2,1504.6,37923.1,2012,1,1,0.49999999999999994,0.8660254037844387,64426.3,59490.5,57256.3,56383.899999999994,61201.8,60336.63333333334,59828.01666666667,57491.35833333334,2,2,2,0,1,0
2012-02-01,1702.2,4727.0,17168.6,74.2,1395.7,34096.2,2012,2,1,0.8660254037844386,0.5000000000000001,59163.899999999994,64426.3,57093.100000000006,63773.399999999994,55717.700000000004,61026.9,59059.76666666666,57778.541666666664,2,0,2,0,0,0
2012-03-01,1642.1,4613.5,17140.7,74.4,1333.3,34454.1,2012,3,1,1.0,6.123233995736766e-17,59258.09999999999,59163.899999999994,59490.5,56928.5,53674.600000000006,60949.43333333333,59448.033333333326,58243.83333333332,0,0,2,0,0,0
2012-04-01,1608.5,4582.4,17170.9,74.4,1300.6,36070.6,2012,4,2,0.8660254037844387,-0.4999999999999998,60807.4,59258.09999999999,64426.3,57256.3,55598.59999999999,59743.13333333334,60039.88333333333,58677.899999999994,0,2,0,0,0,0
2012-05-01,1586.9,4522.9,17266.4,74.7,1281.4,35438.7,2012,5,2,0.49999999999999994,-0.8660254037844387,60171.0,60807.4,59163.899999999994,57093.100000000006,55147.5,60078.833333333336,60552.86666666667,59096.524999999994,2,1,0,0,0,0
2012-06-01,1575.8,4538.0,17312.5,74.7,1268.3,36220.4,2012,6,2,1.2246467991473532e-16,-1.0,60989.700000000004,60171.0,59258.09999999999,59490.5,54405.899999999994,60656.03333333333,60802.73333333334,59645.174999999996,1,0,2,0,0,0
2012-07-01,1850.3,4800.1,17708.4,406.1,1458.9,36265.6,2012,7,3,-0.4999999999999997,-0.8660254037844388,62489.4,60989.700000000004,60807.4,64426.3,56383.899999999994,61216.70000000001,60479.916666666664,60153.966666666674,0,4,1,0,0,0
2012-08-01,1999.5,4953.4,17848.1,506.7,1568.0,36754.3,2012,8,3,-0.8660254037844384,-0.5000000000000004,63630.0,62489.4,60171.0,59163.899999999994,63773.399999999994,62369.70000000001,61224.26666666666,60142.01666666666,4,2,0,1,0,0
2012-09-01,1874.6,4697.9,17563.7,498.0,1486.4,35772.6,2012,9,3,-1.0,-1.8369701987210297e-16,61893.2,63630.0,60989.700000000004,59258.09999999999,56928.5,62670.86666666667,61663.450000000004,60555.74166666667,2,1,4,0,0,0
2012-10-01,1788.0,4604.0,17589.9,488.5,1429.2,35460.6,2012,10,4,-0.8660254037844386,0.5000000000000001,61360.200000000004,61893.2,62489.4,60807.4,57256.3,62294.466666666674,61755.583333333336,60897.73333333333,1,1,2,0,0,0
2012-11-01,1748.7,4563.9,17647.4,518.3,1404.0,35621.7,2012,11,4,-0.5000000000000004,0.8660254037844384,61504.0,61360.200000000004,63630.0,60171.0,57093.100000000006,61585.80000000001,61977.75,61265.30833333333,1,1,1,0,0,0
2012-12-01,1728.3,4571.3,18506.0,761.8,1390.9,37659.4,2012,12,4,-2.4492935982947064e-16,1.0,64617.7,61504.0,61893.2,60989.700000000004,59490.5,62493.966666666674,62582.416666666664,61692.575000000004,1,1,1,0,0,0
2013-01-01,2002.0,5304.1,21658.1,1464.5,1732.3,38336.3,2013,1,1,0.49999999999999994,0.8660254037844387,70497.3,64617.7,61360.200000000004,62489.4,64426.3,65539.66666666667,63917.06666666666,62198.49166666666,1,3,1,0,0,0
2013-02-01,1927.3,4983.7,22395.6,1451.0,1663.8,36121.1,2013,2,1,0.8660254037844386,0.5000000000000001,68542.5,70497.3,61504.0,63630.0,59163.899999999994,67885.83333333333,64735.81666666667,62980.041666666664,3,0,1,0,1,0
2013-03-01,1835.5,4676.4,22680.4,1488.9,1560.4,35587.8,2013,3,1,1.0,6.123233995736766e-17,67829.4,68542.5,64617.7,61893.2,59258.09999999999,68956.40000000001,65725.18333333333,63694.31666666667,0,0,3,0,0,0
2013-04-01,1791.2,4514.6,23341.2,1494.1,1504.7,35487.9,2013,4,2,0.8660254037844387,-0.4999999999999998,68133.7,67829.4,70497.3,61360.200000000004,60807.4,68168.53333333333,66854.09999999999,64304.84166666667,0,2,0,0,0,0
2013-05-01,1763.8,4415.4,23392.6,1504.2,1474.1,35086.3,2013,5,2,0.49999999999999994,-0.8660254037844387,67636.4,68133.7,68542.5,61504.0,60171.0,67866.5,67876.16666666667,64926.958333333336,2,1,0,0,0,0
2013-06-01,1770.1,4357.1,23521.8,1515.0,1468.0,34581.7,2013,6,2,1.2246467991473532e-16,-1.0,67213.7,67636.4,67829.4,64617.7,60989.700000000004,67661.26666666666,68308.83333333333,65445.625,1,0,2,0,0,0
2013-07-01,2174.7,4691.0,24315.9,1645.6,1742.2,35665.1,2013,7,3,-0.4999999999999997,-0.8660254037844388,70234.5,67213.7,68133.7,70497.3,62489.4,68361.53333333333,68265.03333333333,66091.05,0,3,1,0,0,0
2013-08-01,2091.7,4484.0,24472.6,1595.1,1655.7,34223.4,2013,8,3,-0.8660254037844384,-0.5000000000000004,68522.5,70234.5,67636.4,68542.5,63630.0,68656.90000000001,68261.7,66498.75833333335,3,1,0,1,0,0
2013-09-01,1953.3,4313.1,24414.9,1541.9,1549.9,34184.9,2013,9,3,-1.0,-1.8369701987210297e-16,67958.0,68522.5,67213.7,67829.4,61893.2,68905.0,68283.13333333332,67004.15833333333,1,1,3,0,0,0
2013-10-01,1880.4,4238.2,24341.2,1495.8,1498.5,33073.9,2013,10,4,-0.8660254037844386,0.5000000000000001,66528.0,67958.0,70234.5,68133.7,61360.200000000004,67669.5,68015.51666666666,67434.80833333333,1,1,1,0,0,0
2013-11-01,1833.1,4214.2,24853.8,1501.6,1468.7,34236.6,2013,11,4,-0.5000000000000004,0.8660254037844384,68108.0,66528.0,68522.5,67636.4,61504.0,67531.33333333333,68094.11666666665,67985.14166666666,1,1,1,0,0,0
2013-12-01,1859.6,4396.6,25742.1,1571.2,1520.8,35277.0,2013,12,4,-2.4492935982947064e-16,1.0,70367.29999999999,68108.0,67958.0,67213.7,64617.7,68334.43333333333,68619.71666666667,68464.275,1,2,1,0,0,0
2014-01-01,2060.5,5262.3,28510.7,1820.8,1808.2,39756.5,2014,1,1,0.49999999999999994,0.8660254037844387,79219.0,70367.29999999999,66528.0,70234.5,70497.3,72564.76666666666,70117.13333333335,69191.08333333333,2,1,1,0,1,0
2014-02-01,1971.5,4888.7,27302.2,1648.6,1714.0,36246.6,2014,2,1,0.8660254037844386,0.5000000000000001,73771.6,79219.0,68108.0,68522.5,68542.5,74452.63333333333,70991.98333333334,69626.84166666666,1,0,2,0,1,0
2014-03-01,1904.1,4662.9,27260.1,1598.1,1632.8,35770.9,2014,3,1,1.0,6.123233995736766e-17,72828.9,73771.6,70367.29999999999,67958.0,67829.4,75273.16666666667,71803.8,70043.46666666666,0,0,1,0,0,0
2014-04-01,1870.5,4558.1,27178.7,1581.1,1591.3,35189.7,2014,4,2,0.8660254037844387,-0.4999999999999998,71969.4,72828.9,79219.0,66528.0,68133.7,72856.63333333333,72710.7,70363.10833333334,0,2,0,0,0,0
2014-05-01,1849.8,4480.0,27199.1,1572.9,1562.9,35222.8,2014,5,2,0.49999999999999994,-0.8660254037844387,71887.5,71969.4,73771.6,68108.0,67636.4,72228.59999999999,73340.61666666665,70717.36666666667,2,1,0,0,0,0
2014-06-01,1935.9,4539.7,27255.2,1602.9,1618.7,35439.2,2014,6,2,1.2246467991473532e-16,-1.0,72391.59999999999,71887.5,72828.9,70367.29999999999,67213.7,72082.83333333333,73678.0,71148.85833333332,1,2,2,0,0,0
2014-07-01,2250.3,4859.1,28353.3,1738.0,1844.9,37542.8,2014,7,3,-0.4999999999999997,-0.8660254037844388,76588.40000000001,72391.59999999999,71969.4,79219.0,70234.5,73622.5,73239.56666666667,71678.35,2,1,1,1,0,0
2014-08-01,2141.0,4587.2,27583.7,1607.5,1750.5,35412.5,2014,8,3,-0.8660254037844384,-0.5000000000000004,73082.4,76588.40000000001,71887.5,73771.6,68522.5,74020.8,73124.7,72058.34166666666,1,2,2,0,0,0
2014-09-01,2025.3,4450.9,27447.2,1563.7,1654.6,34701.1,2014,9,3,-1.0,-1.8369701987210297e-16,71842.8,73082.4,72391.59999999999,72828.9,67958.0,73837.86666666665,72960.34999999999,72382.075,2,3,1,0,0,0
2014-10-01,1966.1,4391.4,27586.7,1555.1,1614.4,34414.9,2014,10,4,-0.8660254037844386,0.5000000000000001,71528.6,71842.8,76588.40000000001,71969.4,66528.0,72151.26666666666,72886.88333333333,72798.79166666666,3,0,2,0,0,0
2014-11-01,1922.2,4369.4,28117.4,1567.6,1585.6,35248.0,2014,11,4,-0.5000000000000004,0.8660254037844384,72810.20000000001,71528.6,73082.4,71887.5,68108.0,72060.53333333334,73040.66666666667,73190.64166666668,0,1,3,0,0,0
2014-12-01,1905.5,4418.3,29003.1,1626.4,1575.1,36376.0,2014,12,4,-2.4492935982947064e-16,1.0,74904.4,72810.20000000001,71842.8,72391.59999999999,70367.29999999999,73081.06666666667,73459.46666666667,73568.73333333334,1,1,0,0,0,0
2015-01-01,2091.1,5219.9,31038.3,1754.3,1869.4,38265.6,2015,1,1,0.49999999999999994,0.8660254037844387,80238.59999999999,74904.4,71528.6,76588.40000000001,79219.0,75984.4,74067.83333333333,73653.7,1,2,1,0,0,0
2015-02-01,2132.4,5418.3,31502.7,1797.9,1937.4,39015.1,2015,2,1,0.8660254037844386,0.5000000000000001,81803.8,80238.59999999999,72810.20000000001,73082.4,73771.6,78982.26666666666,75521.4,74323.05,2,0,1,0,1,0
2015-03-01,2043.8,5065.5,30791.2,1687.8,1834.1,37252.6,2015,3,1,1.0,6.123233995736766e-17,78675.0,81803.8,74904.4,71842.8,72828.9,80239.13333333332,76660.09999999999,74810.22499999999,0,0,2,0,0,0
2015-04-01,1989.4,4930.6,31194.9,1716.6,1770.6,38311.2,2015,4,2,0.8660254037844387,-0.4999999999999998,79913.29999999999,78675.0,80238.59999999999,71528.6,71969.4,80130.7,78057.55,75472.21666666666,0,3,0,0,0,0
2015-05-01,1959.8,4823.7,31024.7,1666.3,1736.4,37722.8,2015,5,2,0.49999999999999994,-0.8660254037844387,78933.7,79913.29999999999,81803.8,72810.20000000001,71887.5,79174.0,79078.13333333333,76059.4,3,1,0,0,0,0
2015-06-01,2236.6,5067.9,31671.4,1755.8,1932.0,38273.8,2015,6,2,1.2246467991473532e-16,-1.0,80937.5,78933.7,78675.0,74904.4,72391.59999999999,79928.16666666667,80083.65,76771.55833333333,1,2,3,0,0,0
2015-07-01,2349.0,5091.3,31613.1,1771.7,2002.5,38047.6,2015,7,3,-0.4999999999999997,-0.8660254037844388,80875.2,80937.5,79913.29999999999,80238.59999999999,76588.40000000001,80248.8,80189.75,77128.79166666667,2,1,1,1,0,0
2015-08-01,2235.4,4900.4,32274.5,1741.5,1900.4,38859.5,2015,8,3,-0.8660254037844384,-0.5000000000000004,81911.7,80875.2,78933.7,81803.8,73082.4,81241.46666666666,80207.73333333334,77864.56666666667,1,2,2,0,0,0
2015-09-01,2133.0,4830.7,32476.5,1723.8,1823.6,38698.1,2015,9,3,-1.0,-1.8369701987210297e-16,81685.7,81911.7,80937.5,78675.0,71842.8,81490.86666666665,80709.51666666666,78684.80833333333,2,1,1,0,0,0
2015-10-01,2077.4,4789.5,32765.4,1924.3,1773.9,38436.2,2015,10,4,-0.8660254037844386,0.5000000000000001,81766.7,81685.7,80875.2,79913.29999999999,71528.6,81788.03333333333,81018.41666666667,79537.98333333334,1,0,2,0,0,0
2015-11-01,2040.3,4755.4,33144.3,1983.5,1747.3,38978.8,2015,11,4,-0.5000000000000004,0.8660254037844384,82649.6,81766.7,81911.7,78933.7,72810.20000000001,82034.0,81637.73333333334,80357.93333333333,0,2,1,0,0,0
2015-12-01,2033.2,4890.9,33810.5,2074.4,1734.8,40571.4,2015,12,4,-2.4492935982947064e-16,1.0,85115.2,82649.6,81685.7,80937.5,74904.4,83177.16666666667,82334.01666666666,81208.83333333333,2,0,0,0,0,0
2016-01-01,2264.3,5966.6,35625.1,2286.3,2102.3,42341.0,2016,1,1,0.49999999999999994,0.8660254037844387,90585.6,85115.2,81766.7,80875.2,80238.59999999999,86116.8,83952.41666666667,82071.08333333333,0,2,2,0,0,0
2016-02-01,2212.1,5674.8,35136.5,2168.1,2054.0,40863.8,2016,2,1,0.8660254037844386,0.5000000000000001,88109.3,90585.6,82649.6,81911.7,81803.8,87936.7,84985.35,82596.54166666667,2,0,0,0,1,0
2016-03-01,2143.2,5306.6,34607.6,2080.3,1964.1,38990.2,2016,3,1,1.0,6.123233995736766e-17,85092.0,88109.3,85115.2,81685.7,78675.0,87928.96666666667,85553.06666666667,83131.29166666667,0,0,2,0,0,0
2016-04-01,2104.6,5218.4,35016.3,2117.0,1906.9,39916.5,2016,4,2,0.8660254037844387,-0.4999999999999998,86279.70000000001,85092.0,90585.6,81766.7,79913.29999999999,86493.66666666667,86305.23333333334,83661.825,0,3,0,0,0,0
2016-05-01,2207.6,5270.5,35255.9,2125.5,1965.5,39991.0,2016,5,2,0.49999999999999994,-0.8660254037844387,86816.0,86279.70000000001,88109.3,82649.6,78933.7,86062.56666666667,86999.63333333335,84318.68333333333,3,1,0,0,0,0
2016-06-01,2462.9,5492.3,36559.2,2237.7,2169.8,41512.3,2016,6,2,1.2246467991473532e-16,-1.0,90434.2,86816.0,85092.0,85115.2,80937.5,87843.3,87886.13333333335,85110.075,1,2,3,0,0,0
2016-07-01,2435.9,5257.3,35813.7,2176.6,2123.2,40287.3,2016,7,3,-0.4999999999999997,-0.8660254037844388,88094.0,90434.2,86279.70000000001,90585.6,80875.2,88448.06666666667,87470.86666666665,85711.64166666666,2,1,1,1,0,0
2016-08-01,2332.3,5079.6,36068.1,2217.3,2009.9,40169.6,2016,8,3,-0.8660254037844384,-0.5000000000000004,87876.79999999999,88094.0,86816.0,88109.3,81911.7,88801.66666666667,87432.11666666665,86208.73333333334,1,2,2,0,0,0
2016-09-01,2261.0,5029.9,36815.7,2279.8,1945.0,40646.8,2016,9,3,-1.0,-1.8369701987210297e-16,88978.2,87876.79999999999,90434.2,85092.0,81685.7,88316.33333333333,88079.81666666667,86816.44166666667,2,1,1,0,0,0
2016-10-01,2208.7,4988.9,37137.8,2291.5,1909.6,40691.6,2016,10,4,-0.8660254037844386,0.5000000000000001,89228.1,88978.2,88094.0,86279.70000000001,81766.7,88694.36666666665,88571.21666666667,87438.22499999999,1,0,2,0,0,0
2016-11-01,2160.3,4912.4,37692.2,2287.3,1878.8,40522.0,2016,11,4,-0.5000000000000004,0.8660254037844384,89453.0,89228.1,87876.79999999999,86816.0,82649.6,89219.76666666666,89010.71666666667,88005.175,0,3,1,0,0,0
2016-12-01,2214.7,5248.2,39163.9,2491.8,1979.7,43407.0,2016,12,4,-2.4492935982947064e-16,1.0,94505.29999999999,89453.0,88978.2,90434.2,85115.2,91062.13333333335,89689.23333333332,88787.68333333333,3,3,0,0,0,0
2017-01-01,2374.4,6029.0,41773.4,2715.8,2167.9,46895.8,2017,1,1,0.49999999999999994,0.8660254037844387,101956.3,94505.29999999999,89228.1,88094.0,90585.6,95304.86666666665,91999.61666666665,89735.24166666665,3,0,3,0,1,0
2017-02-01,2322.0,5649.2,40223.3,2551.1,2116.5,43687.5,2017,2,1,0.8660254037844386,0.5000000000000001,96549.6,101956.3,89453.0,87876.79999999999,88109.3,97670.40000000001,93445.08333333333,90438.59999999999,0,0,3,0,0,0
2017-03-01,2278.1,5487.3,40372.9,2545.2,2057.2,43415.0,2017,3,1,1.0,6.123233995736766e-17,96155.70000000001,96549.6,94505.29999999999,88978.2,85092.0,98220.53333333334,94641.33333333333,91360.57500000001,0,1,0,0,0,0
2017-04-01,2238.0,5382.1,40656.0,2621.6,2017.8,43904.5,2017,4,2,0.8660254037844387,-0.4999999999999998,96820.0,96155.70000000001,101956.3,89228.1,86279.70000000001,96508.43333333335,95906.65000000001,92238.93333333333,1,2,0,0,0,0
2017-05-01,2331.3,5513.5,40568.7,2638.8,2056.9,44026.2,2017,5,2,0.49999999999999994,-0.8660254037844387,97135.4,96820.0,96549.6,89453.0,86816.0,96703.7,97187.05,93098.88333333332,2,3,1,0,0,0
2017-06-01,2596.3,5923.8,41867.4,2858.6,2306.3,46357.8,2017,6,2,1.2246467991473532e-16,-1.0,101910.20000000001,97135.4,96155.70000000001,94505.29999999999,90434.2,98621.86666666665,98421.20000000001,94055.21666666667,3,0,2,1,0,0
2017-07-01,2530.9,5438.9,41224.2,2681.5,2227.9,43294.7,2017,7,3,-0.4999999999999997,-0.8660254037844388,97398.09999999999,101910.20000000001,96820.0,101956.3,88094.0,98814.56666666665,97661.5,94830.55833333333,0,1,3,0,0,0
2017-08-01,2415.2,5294.2,42262.4,2735.7,2128.5,45015.0,2017,8,3,-0.8660254037844384,-0.5000000000000004,99851.0,97398.09999999999,97135.4,96549.6,87876.79999999999,99719.76666666668,98211.73333333334,95828.40833333333,1,5,0,0,0,0
2017-09-01,2351.4,5196.9,41651.3,2671.0,2076.2,43671.6,2017,9,3,-1.0,-1.8369701987210297e-16,97618.4,99851.0,101910.20000000001,96155.70000000001,88978.2,98289.16666666667,98455.51666666666,96548.425,5,0,1,0,0,0
2017-10-01,2299.1,5150.8,41751.2,2670.6,2042.7,43190.4,2017,10,4,-0.8660254037844386,0.5000000000000001,97104.8,97618.4,97398.09999999999,96820.0,89228.1,98191.40000000001,98502.98333333334,97204.81666666665,0,0,5,0,0,0
2017-11-01,2270.0,5160.3,42412.9,2745.2,2019.1,44225.1,2017,11,4,-0.5000000000000004,0.8660254037844384,98832.6,97104.8,99851.0,97135.4,89453.0,97851.93333333333,98785.84999999999,97986.45,0,2,0,0,0,0
2017-12-01,2262.2,5165.6,43075.9,2815.3,2014.2,44812.6,2017,12,4,-2.4492935982947064e-16,1.0,100145.79999999999,98832.6,97618.4,101910.20000000001,94505.29999999999,98694.40000000001,98491.78333333333,98456.49166666668,2,0,0,0,0,0
2018-01-01,2470.5,6290.2,44642.1,3106.9,2359.2,46555.9,2018,1,1,0.49999999999999994,0.8660254037844387,105424.79999999999,100145.79999999999,97104.8,97398.09999999999,101956.3,101467.73333333334,99829.56666666667,98745.53333333334,0,2,2,0,0,0
2018-02-01,2457.5,6146.7,44782.5,3005.7,2363.4,46074.4,2018,2,1,0.8660254037844386,0.5000000000000001,104830.2,105424.79999999999,98832.6,99851.0,96549.6,103466.9333333333,100659.43333333333,99435.58333333333,2,0,0,0,1,0
2018-03-01,2398.2,5805.9,44576.2,2877.0,2273.5,45209.3,2018,3,1,1.0,6.123233995736766e-17,103140.1,104830.2,100145.79999999999,97618.4,96155.70000000001,104465.03333333333,101579.71666666667,100017.61666666665,0,0,2,0,0,0
2018-04-01,2359.6,5678.0,45927.8,2927.5,2216.1,45788.7,2018,4,2,0.8660254037844387,-0.4999999999999998,104897.7,103140.1,105424.79999999999,97104.8,96820.0,104289.33333333333,102878.53333333333,100690.75833333335,0,3,0,0,0,0
2018-05-01,2659.8,6046.5,46678.8,3051.0,2470.7,46796.7,2018,5,2,0.49999999999999994,-0.8660254037844387,107703.5,104897.7,104830.2,98832.6,97135.4,105247.09999999999,104357.01666666666,101571.43333333335,3,2,0,0,0,0
2018-06-01,2737.4,5995.1,45358.6,3079.5,2510.4,46118.8,2018,6,2,1.2246467991473532e-16,-1.0,105799.8,107703.5,103140.1,100145.79999999999,101910.20000000001,106133.66666666667,105299.35000000002,101895.56666666665,2,0,3,1,0,0
2018-07-01,2652.7,5607.1,43894.9,2893.5,2394.7,43809.9,2018,7,3,-0.4999999999999997,-0.8660254037844388,101252.8,105799.8,104897.7,105424.79999999999,97398.09999999999,104918.7,104604.01666666666,102216.79166666667,0,2,2,0,0,0
2018-08-01,2556.4,5553.9,44234.2,2912.6,2295.7,44337.7,2018,8,3,-0.8660254037844384,-0.5000000000000004,101890.5,101252.8,107703.5,104830.2,99851.0,102981.03333333333,104114.06666666667,102386.75,2,5,0,0,0,0
2018-09-01,2489.5,5439.4,43617.2,2863.6,2246.9,43638.1,2018,9,3,-1.0,-1.8369701987210297e-16,100294.7,101890.5,105799.8,103140.1,97618.4,101146.0,103639.83333333333,102609.77499999998,5,0,2,0,0,0
2018-10-01,2436.1,5384.9,43070.7,2841.8,2202.5,43595.2,2018,10,4,-0.8660254037844386,0.5000000000000001,99531.2,100294.7,101252.8,104897.7,97104.8,100572.13333333335,102745.41666666667,102811.97500000002,0,1,5,0,0,0
2018-11-01,2411.6,5362.0,43561.2,2853.8,2179.9,43751.9,2018,11,4,-0.5000000000000004,0.8660254037844384,100120.4,99531.2,101890.5,107703.5,98832.6,99982.09999999999,101481.56666666667,102919.29166666667,1,1,0,0,0,0
2018-12-01,2402.2,5413.1,44434.1,2915.7,2177.8,45365.3,2018,12,4,-2.4492935982947064e-16,1.0,102708.20000000001,100120.4,100294.7,105799.8,100145.79999999999,100786.59999999999,100966.3,103132.825,1,0,1,0,0,0
2019-01-01,2596.6,6573.8,47418.1,3191.2,2560.4,47723.1,2019,1,1,0.49999999999999994,0.8660254037844387,110063.2,102708.20000000001,99531.2,101252.8,105424.79999999999,104297.26666666666,102434.7,103519.35833333332,0,2,1,0,0,0
2019-02-01,2548.0,6199.8,45703.8,3003.7,2495.7,45370.2,2019,2,1,0.8660254037844386,0.5000000000000001,105321.2,110063.2,100120.4,101890.5,104830.2,106030.86666666668,103006.48333333334,103560.27500000001,2,0,0,0,1,0
2019-03-01,2495.9,5975.2,45354.1,2964.8,2420.8,45124.3,2019,3,1,1.0,6.123233995736766e-17,104335.1,105321.2,102708.20000000001,100294.7,103140.1,106573.16666666667,103679.88333333335,103659.85833333334,0,0,2,0,0,0
2019-04-01,2537.6,5982.2,45650.4,3029.2,2432.3,45456.2,2019,4,2,0.8660254037844387,-0.4999999999999998,105087.9,104335.1,110063.2,99531.2,104897.7,104914.73333333334,104606.0,103675.70833333333,0,3,0,0,0,0
2019-05-01,2855.0,6386.8,47399.0,3347.7,2699.0,48147.6,2019,5,2,0.49999999999999994,-0.8660254037844387,110835.1,105087.9,105321.2,100120.4,107703.5,106752.7,106391.78333333333,103936.67499999999,3,2,0,0,0,0
2019-06-01,2838.3,6100.9,46148.0,3134.4,2658.5,45512.8,2019,6,2,1.2246467991473532e-16,-1.0,106392.9,110835.1,104335.1,102708.20000000001,105799.8,107438.63333333335,107005.90000000001,103986.10000000002,2,1,3,1,0,0
2019-07-01,2739.4,5855.9,46071.1,3040.0,2534.0,45268.8,2019,7,3,-0.4999999999999997,-0.8660254037844388,105509.20000000001,106392.9,105087.9,110063.2,101252.8,107579.06666666667,106246.89999999998,104340.8,1,3,2,0,0,0
2019-08-01,2661.4,5755.7,46466.6,3053.0,2463.8,45198.7,2019,8,3,-0.8660254037844384,-0.5000000000000004,105599.2,105509.20000000001,110835.1,105321.2,101890.5,105833.76666666668,106293.23333333334,104649.85833333334,3,3,1,0,0,0
2019-09-01,2593.9,5729.7,46515.9,3029.9,2408.2,45076.1,2019,9,3,-1.0,-1.8369701987210297e-16,105353.7,105599.2,106392.9,104335.1,100294.7,105487.36666666665,106463.0,105071.44166666667,3,0,3,0,0,0
2019-10-01,2551.0,5683.3,46971.5,3031.8,2346.6,45602.6,2019,10,4,-0.8660254037844386,0.5000000000000001,106186.8,105353.7,105509.20000000001,105087.9,99531.2,105713.23333333332,106646.15000000001,105626.075,0,1,3,0,0,0
2019-11-01,2525.4,5665.9,47386.8,3035.1,2329.0,45724.8,2019,11,4,-0.5000000000000004,0.8660254037844384,106667.0,106186.8,105599.2,110835.1,100120.4,106069.16666666667,105951.46666666667,106171.625,1,1,0,0,0,0
2019-12-01,2579.1,6098.4,48544.3,3182.2,2460.2,47424.3,2019,12,4,-2.4492935982947064e-16,1.0,110288.5,106667.0,105353.7,106392.9,102708.20000000001,107714.09999999999,106600.73333333334,106803.31666666667,1,3,1,0,0,0
2020-01-01,2697.7,6907.0,50100.2,3357.2,2690.7,49179.5,2020,1,1,0.49999999999999994,0.8660254037844387,114932.29999999999,110288.5,106186.8,105509.20000000001,110063.2,110629.26666666666,108171.25,107209.07500000001,3,0,1,0,1,0
2020-02-01,2644.3,6447.0,48775.0,3211.6,2604.0,46970.3,2020,2,1,0.8660254037844386,0.5000000000000001,110652.20000000001,114932.29999999999,106667.0,105599.2,105321.2,111957.66666666667,109013.41666666667,107653.325,0,0,3,0,0,0
2020-03-01,2613.0,6375.8,49771.5,3288.7,2557.3,47937.4,2020,3,1,1.0,6.123233995736766e-17,112543.7,110652.20000000001,110288.5,105353.7,104335.1,112709.40000000001,110211.75,108337.375,0,0,0,0,0,0
2020-04-01,2765.7,6646.8,51188.0,3383.3,2678.3,50847.9,2020,4,2,0.8660254037844387,-0.4999999999999998,117510.0,112543.7,114932.29999999999,106186.8,105087.9,113568.63333333335,112098.95,109372.54999999999,0,5,0,0,0,0
2020-05-01,2860.2,6701.3,53214.4,3578.9,2748.6,54430.8,2020,5,2,0.49999999999999994,-0.8660254037844387,123534.20000000001,117510.0,110652.20000000001,106667.0,110835.1,117862.63333333335,114910.15000000001,110430.80833333333,5,1,0,1,0,0
2020-06-01,2803.3,6477.8,52951.6,3435.4,2667.2,52757.8,2020,6,2,1.2246467991473532e-16,-1.0,121093.1,123534.20000000001,112543.7,110288.5,106392.9,120712.43333333333,116710.91666666667,111655.825,1,1,5,0,0,0
2020-07-01,2759.6,6437.9,54131.4,3477.3,2614.8,54049.4,2020,7,3,-0.4999999999999997,-0.8660254037844388,123470.4,121093.1,117510.0,114932.29999999999,105509.20000000001,122699.23333333334,118133.93333333335,113152.59166666666,1,2,1,0,0,0
2020-08-01,2725.9,6380.7,54378.3,3460.5,2575.0,53312.6,2020,8,3,-0.8660254037844384,-0.5000000000000004,122833.0,123470.4,123534.20000000001,110652.20000000001,105599.2,122465.5,120164.06666666667,114588.74166666665,2,1,1,0,0,0
2020-09-01,2698.8,6331.2,54875.6,3410.5,2543.6,52604.6,2020,9,3,-1.0,-1.8369701987210297e-16,122464.29999999999,122833.0,121093.1,112543.7,105353.7,122922.56666666667,121817.5,116014.625,1,1,2,0,0,0
2020-10-01,2681.5,6345.6,55250.2,3465.3,2525.4,53931.3,2020,10,4,-0.8660254037844386,0.5000000000000001,124199.3,122464.29999999999,123470.4,117510.0,106186.8,123165.53333333333,122932.38333333335,117515.66666666667,1,0,1,0,0,0
2020-11-01,2674.6,6269.7,55077.8,3430.1,2511.4,54154.8,2020,11,4,-0.5000000000000004,0.8660254037844384,124118.40000000001,124199.3,122833.0,123534.20000000001,106667.0,123594.0,123029.75,118969.95,0,1,1,0,0,0
2020-12-01,2677.154022,6329.534185,55421.100725,3506.1364,2517.5419375,56027.747425,2020,12,4,-2.4492935982947064e-16,1.0,126479.2146945,124118.40000000001,122464.29999999999,121093.1,110288.5,124932.30489816667,123927.43578241667,120319.17622454168,1,0,0,0,0,0
2021-01-01,2797.917689,7286.650415,56100.968375,3765.2142,2753.876475,61017.682975,2021,1,1,0.49999999999999994,0.8660254037844387,133722.310129,126479.2146945,124199.3,123470.4,114932.29999999999,128106.64160783333,125636.08747058333,121885.01040195832,0,2,1,0,0,0
2021-02-01,2790.016779,7123.35543,56190.577925,3795.36636,2732.4145775,62524.219875,2021,2,1,0.8660254037844386,0.5000000000000001,135155.9509465,133722.310129,124118.40000000001,122833.0,110652.20000000001,131785.82525666666,127689.91262833332,123926.9896475,2,0,0,0,1,0
2021-03-01,2775.8663245,6893.192205,55789.976975,3764.46093,2691.967875,63501.245425,2021,3,1,1.0,6.123233995736766e-17,135416.7097345,135155.9509465,126479.2146945,122464.29999999999,112543.7,134764.99026999998,129848.64758408333,125833.07379204167,0,0,2,0,0,0
2021-04-01,3001.723709,7248.58671,55874.937075,3928.7007,2898.37506,65557.5046,2021,4,2,0.8660254037844387,-0.4999999999999998,138509.827854,135416.7097345,133722.310129,124199.3,117510.0,136360.82951166667,132233.73555975,127583.05944654167,0,4,0,0,0,0
2021-05-01,3012.6662655,7099.50651,55675.315575,3909.10911,2894.997075,66160.1593,2021,5,2,0.49999999999999994,-0.8660254037844387,138751.75383549999,138509.827854,135155.9509465,124118.40000000001,123534.20000000001,137559.43047466667,134672.62786566667,128851.18893283333,4,1,0,1,0,0
2021-06-01,2983.81815,6846.29798,55341.083625,3739.73201,2848.26866,65362.572,2021,6,2,1.2246467991473532e-16,-1.0,137121.772425,138751.75383549999,135416.7097345,126479.2146945,121093.1,138127.78470483332,136446.38748741665,130186.91163491667,1,1,4,0,0,0
2021-07-01,2958.804983,6776.52114,55600.351725,3756.17817,2808.536295,66535.27805,2021,7,3,-0.4999999999999997,-0.8660254037844388,138435.670363,137121.772425,138509.827854,133722.310129,123470.4,138103.06554116667,137231.94752641665,131434.0174985,1,2,1,0,0,0
2021-08-01,2942.0285525,6723.578235,56064.855175,3761.69222,2776.11333,67528.902925,2021,8,3,-0.8660254037844384,-0.5000000000000004,139797.1704375,138435.670363,138751.75383549999,135155.9509465,122833.0,138451.53774183334,138005.48410824998,132847.6983682917,2,1,1,0,0,0
2021-09-01,2920.5891615,6697.01523,56465.700525,3777.97089,2748.2739975,68567.81265,2021,9,3,-1.0,-1.8369701987210297e-16,141177.36245400002,139797.1704375,137121.772425,135416.7097345,122464.29999999999,139803.40108483334,138965.59289483333,134407.12023945834,1,1,2,0,0,0
2021-10-01,2911.937547,6708.285375,57186.186925,3842.17164,2734.5997,69390.046025,2021,10,4,-0.8660254037844386,0.5000000000000001,142773.227212,141177.36245400002,138435.670363,138509.827854,124199.3,141249.25336783336,139676.15945449998,135954.947507125,1,0,1,0,0,0
2021-11-01,2909.622096,6691.83206,57619.349325,3854.75403,2727.0057325,69055.268275,2021,11,4,-0.5000000000000004,0.8660254037844384,142857.8315185,142773.227212,139797.1704375,138751.75383549999,124118.40000000001,142269.47372816666,140360.505735,137516.56680033336,0,1,1,0,0,0
2021-12-01,2948.8807235,6997.022465,58697.027275,3948.75171,2821.61233,70550.155125,2021,12,4,-2.4492935982947064e-16,1.0,145963.4496285,142857.8315185,141177.36245400002,137121.772425,126479.2146945,143864.83611966667,141834.11860225,139140.25304483334,1,0,0,0,0,0
2022-01-01,3042.8366285,7667.44901,60914.775025,4161.67144,2997.88893,72883.797725,2022,1,1,0.49999999999999994,0.8660254037844387,151668.4187585,145963.4496285,142773.227212,138435.670363,133722.310129,146829.8999685,144039.57666816667,140635.76209729168,0,2,1,0,0,0
2022-02-01,3020.4277965,7404.96555,60567.783875,3979.95635,2967.83837,70169.5812,2022,2,1,0.8660254037844386,0.5000000000000001,148110.5531415,151668.4187585,142857.8315185,139797.1704375,135155.9509465,148580.80717616665,145425.14045216667,141715.31228020834,2,0,0,0,1,0
2022-03-01,3078.1107755,7377.25925,60746.97405,3955.56584,3003.223285,69735.686725,2022,3,1,1.0,6.123233995736766e-17,147896.8199255,148110.5531415,145963.4496285,141177.36245400002,135416.7097345,149225.2639418333,146545.05003075,142755.32146279168,0,0,2,0,0,0
2022-04-01,3267.546536,7810.064915,64286.8422,4346.10289,3184.461155,78008.8334,2022,4,2,0.8660254037844387,-0.4999999999999998,160903.851096,147896.8199255,151668.4187585,142773.227212,138509.827854,152303.74138766667,149566.82067808334,144621.49006629168,0,6,0,0,0,0
2022-05-01,3264.704689,7640.560155,63977.48115,4212.00448,3179.3609325,74151.031725,2022,5,2,0.49999999999999994,-0.8660254037844387,156425.1431315,160903.851096,148110.5531415,142857.8315185,138751.75383549999,155075.27138433335,151828.03928025,146094.272507625,6,1,0,1,0,0
2022-06-01,3225.588322,7341.388415,64448.42875,4064.03972,3123.77415,72526.793825,2022,6,2,1.2246467991473532e-16,-1.0,154730.013182,156425.1431315,147896.8199255,145963.4496285,137121.772425,157353.00246983333,153289.13320583335,147561.62590404166,1,3,6,0,0,0
2022-07-01,3184.3508815,7200.5891,64707.64125,3992.5679,3058.8396225,71209.298925,2022,7,3,-0.4999999999999997,-0.8660254037844388,153353.287679,154730.013182,160903.851096,151668.4187585,138435.670363,154836.1479975,153569.94469258332,148804.760680375,3,1,1,0,0,0
2022-08-01,3124.370902,7095.97118,65214.6334,3937.19959,2991.1551975,70650.00215,2022,8,3,-0.8660254037844384,-0.5000000000000004,153013.3324195,153353.287679,156425.1431315,148110.5531415,139797.1704375,153698.87776016665,154387.07457224999,149906.1075122083,1,1,3,0,0,0
2022-09-01,3079.5521745,7035.35796,65663.0437,3872.64855,2944.0221075,69954.733025,2022,9,3,-1.0,-1.8369701987210297e-16,152549.357517,153013.3324195,154730.013182,147896.8199255,141177.36245400002,152971.9925385,155162.49750416668,150853.77376745833,1,1,1,0,0,0
2022-10-01,3053.5370025,7023.750095,66833.00835,3853.13291,2915.8404125,69939.5144,2022,10,4,-0.8660254037844386,0.5000000000000001,153618.78317,152549.357517,153353.287679,160903.851096,142773.227212,153060.4910355,153948.3195165,151757.57009729167,1,3,1,0,0,0
2022-11-01,3033.295173,7006.460815,67909.9995,3801.69097,2881.195025,69677.643325,2022,11,4,-0.5000000000000004,0.8660254037844384,154310.284808,153618.78317,153013.3324195,156425.1431315,142857.8315185,153492.80849833332,153595.84312925,152711.94120475,3,2,1,0,0,0
2022-12-01,3111.135887,7770.010525,68864.2238,3938.52526,3049.7045,71074.59975,2022,12,4,-2.4492935982947064e-16,1.0,157808.199722,154310.284808,152549.357517,154730.013182,145963.4496285,155245.7559,154108.87421925,153699.00371254166,2,3,3,0,0,0
2023-01-01,3155.381271,8115.95881,70600.14335,4108.11204,3162.0804175,72679.8847,2023,1,1,0.49999999999999994,0.8660254037844387,161821.5605885,157808.199722,153618.78317,153353.287679,151668.4187585,157980.0150395,155520.2530375,154545.09886504165,3,0,2,0,1,0
2023-02-01,3117.67962,7753.820635,68820.3338,3883.90496,3095.407685,68584.9783,2023,2,1,0.8660254037844386,0.5000000000000001,155256.125,161821.5605885,154310.284808,153013.3324195,148110.5531415,158295.29510350002,155894.05180091667,155140.56318658334,0,0,3,0,0,0
2023-03-01,3343.8096755,8131.75874,68965.4881,3952.74668,3327.856805,69031.57565,2023,3,1,1.0,6.123233995736766e-17,156753.2356505,155256.125,157808.199722,152549.357517,147896.8199255,157943.640413,156594.69815649997,155878.59783033334,0,4,0,0,0,0
2023-04-01,3462.6475035,8289.401635,70125.69335,4151.24711,3437.0215875,71599.928525,2023,4,2,0.8660254037844387,-0.4999999999999998,161065.939711,156753.2356505,161821.5605885,153618.78317,160903.851096,157691.76678716668,157835.89091333334,155892.10521491666,4,2,0,1,0,0
2023-05-01,3421.424783,7748.897005,69001.82625,3901.84747,3357.11783,67469.1893,2023,5,2,0.49999999999999994,-0.8660254037844387,154900.302638,161065.939711,155256.125,154310.284808,156425.1431315,157573.15933316667,157934.22721833334,155765.03517379166,2,2,4,0,0,0
2023-06-01,3353.004177,7529.41836,69827.05075,3863.2806,3249.0655975,67954.151275,2023,6,2,1.2246467991473532e-16,-1.0,155775.9707595,154900.302638,156753.2356505,157808.199722,154730.013182,157247.4043695,157595.52239124998,155852.19830525,2,1,2,0,0,0
2023-07-01,3267.7879585,7333.54532,69755.6866,3800.28187,3128.4024525,66806.8621,2023,7,3,-0.4999999999999997,-0.8660254037844388,154092.566301,155775.9707595,161065.939711,161821.5605885,153353.287679,154922.94656616668,156307.35667666668,155913.80485708333,1,1,2,0,0,0
2023-08-01,3143.709253,7210.06102,70026.0441,3768.30614,3004.6177125,66476.65415,2023,8,3,-0.8660254037844384,-0.5000000000000004,153629.3923755,154092.566301,154900.302638,155256.125,153013.3324195,154499.309812,156036.23457258331,155965.14318675,1,2,1,0,0,0
2023-09-01,3068.301169,7174.920425,70231.32715,3802.20631,2952.8209825,66598.600825,2023,9,3,-1.0,-1.8369701987210297e-16,153828.17686150002,153629.3923755,155775.9707595,156753.2356505,152549.357517,153850.04517933333,155548.72477441668,156071.71146545833,2,0,1,0,0,0
2023-10-01,3029.932712,7136.48343,70589.81095,3807.21869,2918.20541,66344.389775,2023,10,4,-0.8660254037844386,0.5000000000000001,153826.040967,153828.17686150002,154092.566301,161065.939711,153618.78317,153761.20340133333,154342.07498375,156088.98294854167,0,0,2,0,0,0
2023-11-01,3006.4198215,7106.64855,71187.89835,3812.03863,2889.9601575,66189.390775,2023,11,4,-0.5000000000000004,0.8660254037844384,154192.356284,153826.040967,153629.3923755,154900.302638,154310.284808,153948.85803750003,154224.08392475,156079.15557154166,0,1,0,0,0,0
2023-12-01,3029.565142,7449.423375,72345.3796,3960.22291,2966.715245,67668.02185,2023,12,4,-2.4492935982947064e-16,1.0,157419.328122,154192.356284,153828.17686150002,155775.9707595,157808.199722,155145.90845766666,154497.9768185,156046.74960487502,1,0,0,0,0,0
2024-01-01,3127.3013885,8302.65177,74512.58595,4126.80526,3196.58787,69037.047,2024,1,1,0.49999999999999994,0.8660254037844387,162302.9792385,157419.328122,153826.040967,154092.566301,161821.5605885,157971.55454816666,155866.37897475,156086.86782570832,0,3,1,0,0,0
2024-02-01,3093.8765985,8109.682735,75090.48425,4076.71577,3136.1369075,69442.71655,2024,2,1,0.8660254037844386,0.5000000000000001,162949.61281099997,162302.9792385,154192.356284,153629.3923755,155256.125,160890.64005716666,157419.74904733335,156727.99180995833,3,0,0,0,1,0
2024-03-01,3448.5535915,8491.70266,74918.3598,4280.04983,3486.03338,69586.5102,2024,3,1,1.0,6.123233995736766e-17,164211.2094615,162949.61281099997,157419.328122,153828.17686150002,156753.2356505,163154.60050366668,159150.25448066668,157349.48962754165,0,2,3,0,0,0
2024-04-01,3469.021618,8187.651815,74451.0135,4271.6776,3484.1405425,68237.70795,2024,4,2,0.8660254037844387,-0.4999999999999998,162101.2130255,164211.2094615,162302.9792385,153826.040967,161065.939711,163087.34509933332,160529.44982374998,157435.76240375,2,2,0,1,0,0
2024-05-01,3375.5473775,7830.93608,74604.4873,4149.07097,3366.87739,67839.466475,2024,5,2,0.49999999999999994,-0.8660254037844387,161166.38559249998,162101.2130255,162949.61281099997,154192.356284,154900.302638,162492.93602649999,161691.78804183332,157957.93598329168,2,2,2,0,0,0
2024-06-01,3313.687856,7706.788315,75309.56745,4166.23755,3279.02083,68208.4802,2024,6,2,1.2246467991473532e-16,-1.0,161983.78220100002,161166.38559249998,164211.2094615,157419.328122,155775.9707595,161750.46027299998,162452.53038833334,158475.25360341667,2,1,2,0,0,0
2024-07-01,3232.286078,7548.51475,75185.92355,4126.42479,3195.443485,67303.8575,2024,7,3,-0.4999999999999997,-0.8660254037844388,160592.450153,161983.78220100002,162101.2130255,162302.9792385,154092.566301,161247.53931550003,162167.44220741667,159016.91059108335,1,1,2,0,0,0
2024-08-01,3183.07128,7487.16185,75489.1039,4125.40543,3143.1840475,67374.776325,2024,8,3,-0.8660254037844384,-0.5000000000000004,160802.70283249998,160592.450153,161166.38559249998,162949.61281099997,153629.3923755,161126.31172883336,161809.6238776667,159614.6864625,1,1,1,0,0,0
2024-09-01,3158.28922,7442.69883,75674.5579,4156.90125,3114.3893225,67275.8098,2024,9,3,-1.0,-1.8369701987210297e-16,160822.64632250002,160802.70283249998,161983.78220100002,164211.2094615,153828.17686150002,160739.266436,161244.8633545,160197.55891758334,1,0,1,0,0,0
2024-10-01,3127.9969355,7402.066905,76031.7128,4127.3909,3075.1845425,66997.834175,2024,10,4,-0.8660254037844386,0.5000000000000001,160762.18625799997,160822.64632250002,160592.450153,162101.2130255,153826.040967,160795.84513766665,161021.69222658334,160775.5710251667,0,0,1,0,0,0
2024-11-01,3109.9682245,7451.65808,76447.51985,4149.79859,3052.44869,66858.54425,2024,11,4,-0.5000000000000004,0.8660254037844384,161069.9376845,160762.18625799997,160802.70283249998,161166.38559249998,154192.356284,160884.92342166664,161005.61757525,161348.70280854165,0,1,0,0,0,0
2024-12-01,3155.541517,7774.32942,78549.52965,4363.73578,3168.7206475,69193.5498,2024,12,4,-2.4492935982947064e-16,1.0,166205.4068145,161069.9376845,160822.64632250002,161983.78220100002,157419.328122,162679.176919,161709.2216775,162080.87603291665,1,2,0,0,0,0
2025-01-01,3211.267151,8671.533525,81008.8851,4704.26146,3302.1838175,72501.209875,2025,1,1,0.49999999999999994,0.8660254037844387,173399.3409285,166205.4068145,160762.18625799997,160592.450153,162302.9792385,166891.56180916668,163843.70347341665,163005.57284041666,2,0,1,0,1,0
2025-02-01,3330.2800305,8538.190705,79939.96695,4641.06973,3430.1300225,69872.399175,2025,2,1,0.8660254037844386,0.5000000000000001,169752.036613,173399.3409285,161069.9376845,160802.70283249998,162949.61281099997,169785.59478533335,165335.2591035,163572.44149058333,0,1,2,0,0,0
2025-03-01,3523.4432705,8906.89582,81349.82945,4889.31201,3698.3032225,71673.508125,2025,3,1,1.0,6.123233995736766e-17,174041.291898,169752.036613,166205.4068145,160822.64632250002,164211.2094615,172397.55647983335,167538.36669941666,164391.61502695832,1,1,0,1,0,0
2025-04-01,3509.8866375,8743.021025,80118.70615,4680.79038,3643.0504375,68913.75035,2025,4,2,0.8660254037844387,-0.4999999999999998,169609.20497999998,174041.291898,173399.3409285,160762.18625799997,162101.2130255,171134.17783033333,169012.86981975,165017.28102316664,1,2,1,1,0,0
2025-05-01,3438.3736465,8563.33757,80078.54775,4540.1281,3541.911095,68174.5496,2025,5,2,0.49999999999999994,-0.8660254037844387,168336.8477615,169609.20497999998,169752.036613,161069.9376845,161166.38559249998,170662.44821316664,170224.02149925,165614.81953725,2,3,1,0,0,0
2025-06-01,3383.6197155,8464.03205,80207.7731,4458.61571,3446.206735,67291.029175,2025,6,2,1.2246467991473532e-16,-1.0,167251.2764855,168336.8477615,174041.291898,166205.4068145,161983.78220100002,168399.10974233333,170398.33311108334,166053.77739429165,3,0,2,0,0,0
2025-07-01,3318.2309045,8149.19954,80727.15225,4411.28766,3360.5612025,67075.795925,2025,7,3,-0.4999999999999997,-0.8660254037844388,167042.22748200002,167251.2764855,169609.20497999998,173399.3409285,160592.450153,167543.45057633333,169338.8142033333,166591.258838375,0,1,3,0,0,0
2025-08-01,3261.222365,8076.924305,81351.1581,4405.73977,3305.26214,67461.628025,2025,8,3,-0.8660254037844384,-0.5000000000000004,167861.934705,167042.22748200002,168336.8477615,169752.036613,160802.70283249998,167385.14622416667,169023.79721866667,167179.52816108332,1,4,0,0,0,0
2025-09-01,3233.2349375,8015.28062,81470.1778,4386.14733,3265.2048775,67094.934575,2025,9,3,-1.0,-1.8369701987210297e-16,167464.98014,167861.934705,167251.2764855,174041.291898,160822.64632250002,167456.38077566668,167927.74525900002,167733.05597920832,4,0,1,0,0,0
2025-10-01,3217.2711135,8021.430935,82620.54945,4440.66839,3233.2160575,67957.8299,2025,10,4,-0.8660254037844386,0.5000000000000001,169490.965846,167464.98014,167042.22748200002,169609.20497999998,160762.18625799997,168272.626897,167908.03873666667,168460.45427820832,0,0,4,0,0,0
2025-11-01,3201.43262,8011.4198,82934.2465,4444.81738,3206.8986925,67407.160175,2025,11,4,-0.5000000000000004,0.8660254037844384,169205.97516749997,169490.965846,167861.934705,168336.8477615,161069.9376845,168720.6403845,168052.89330433335,169138.45740179167,0,1,0,0,0,0
2025-12-01,3245.5476715,8357.020215,84504.34095,4633.77883,3338.4901725,69060.76385,2025,12,4,-2.4492935982947064e-16,1.0,173139.941689,169205.97516749997,167464.98014,167251.2764855,166205.4068145,170612.29423416665,169034.33750491668,169716.335308,1,0,0,0,0,0
2026-01-01,3423.6235415,9187.221095,86348.4185,4865.7854,3601.3204125,70449.445525,2026,1,1,0.49999999999999994,0.8660254037844387,177875.814474,173139.941689,169490.965846,167042.22748200002,173399.3409285,173407.24377683332,170839.93533691668,170089.374770125,0,0,1,0,0,0
2026-02-01,3564.366069,9630.124815,87760.3863,5047.2573,3765.0659175,72273.7951,2026,2,1,0.8660254037844386,0.5000000000000001,182040.9955015,177875.814474,169205.97516749997,167861.934705,169752.036613,177685.58388816667,173203.11213633334,171113.45467749998,0,0,0,0,0,0
