date,denomination_code,denomination,denomination_value,actual_value_rm_million,actual_quantity_million_notes,data_split
2001-01-01,note_1,RM1,1,623.2,623.2,Train
2001-02-01,note_1,RM1,1,540.9,540.9,Train
2001-03-01,note_1,RM1,1,490.2,490.2,Train
2001-04-01,note_1,RM1,1,462.5,462.5,Train
2001-05-01,note_1,RM1,1,449.1,449.1,Train
2001-06-01,note_1,RM1,1,441.4,441.4,Train
2001-07-01,note_1,RM1,1,438.2,438.2,Train
2001-08-01,note_1,RM1,1,442.5,442.5,Train
2001-09-01,note_1,RM1,1,445.2,445.2,Train
2001-10-01,note_1,RM1,1,447.0,447.0,Train
2001-11-01,note_1,RM1,1,519.9,519.9,Train
2001-12-01,note_1,RM1,1,607.3,607.3,Train
2002-01-01,note_1,RM1,1,755.6,755.6,Train
2002-02-01,note_1,RM1,1,728.3,728.3,Train
2002-03-01,note_1,RM1,1,658.1,658.1,Train
2002-04-01,note_1,RM1,1,618.5,618.5,Train
2002-05-01,note_1,RM1,1,601.9,601.9,Train
2002-06-01,note_1,RM1,1,590.0,590.0,Train
2002-07-01,note_1,RM1,1,584.8,584.8,Train
2002-08-01,note_1,RM1,1,584.6,584.6,Train
2002-09-01,note_1,RM1,1,586.4,586.4,Train
2002-10-01,note_1,RM1,1,603.7,603.7,Train
2002-11-01,note_1,RM1,1,770.0,770.0,Train
2002-12-01,note_1,RM1,1,763.3,763.3,Train
2003-01-01,note_1,RM1,1,959.5,959.5,Train
2003-02-01,note_1,RM1,1,874.4,874.4,Train
2003-03-01,note_1,RM1,1,806.0,806.0,Train
2003-04-01,note_1,RM1,1,763.5,763.5,Train
2003-05-01,note_1,RM1,1,743.7,743.7,Train
2003-06-01,note_1,RM1,1,732.3,732.3,Train
2003-07-01,note_1,RM1,1,723.7,723.7,Train
2003-08-01,note_1,RM1,1,721.6,721.6,Train
2003-09-01,note_1,RM1,1,722.8,722.8,Train
2003-10-01,note_1,RM1,1,731.8,731.8,Train
2003-11-01,note_1,RM1,1,904.7,904.7,Train
2003-12-01,note_1,RM1,1,872.5,872.5,Train
2004-01-01,note_1,RM1,1,1075.9,1075.9,Train
2004-02-01,note_1,RM1,1,968.1,968.1,Train
2004-03-01,note_1,RM1,1,901.5,901.5,Train
2004-04-01,note_1,RM1,1,868.6,868.6,Train
2004-05-01,note_1,RM1,1,848.8,848.8,Train
2004-06-01,note_1,RM1,1,834.9,834.9,Train
2004-07-01,note_1,RM1,1,826.7,826.7,Train
2004-08-01,note_1,RM1,1,822.4,822.4,Train
2004-09-01,note_1,RM1,1,821.6,821.6,Train
2004-10-01,note_1,RM1,1,975.1,975.1,Train
2004-11-01,note_1,RM1,1,1002.1,1002.1,Train
2004-12-01,note_1,RM1,1,938.4,938.4,Train
2005-01-01,note_1,RM1,1,1129.0,1129.0,Train
2005-02-01,note_1,RM1,1,1076.5,1076.5,Train
2005-03-01,note_1,RM1,1,982.7,982.7,Train
2005-04-01,note_1,RM1,1,938.1,938.1,Train
2005-05-01,note_1,RM1,1,909.7,909.7,Train
2005-06-01,note_1,RM1,1,889.5,889.5,Train
2005-07-01,note_1,RM1,1,878.6,878.6,Train
2005-08-01,note_1,RM1,1,872.8,872.8,Train
2005-09-01,note_1,RM1,1,881.1,881.1,Train
2005-10-01,note_1,RM1,1,1089.3,1089.3,Train
2005-11-01,note_1,RM1,1,1032.2,1032.2,Train
2005-12-01,note_1,RM1,1,980.1,980.1,Train
2006-01-01,note_1,RM1,1,1209.0,1209.0,Train
2006-02-01,note_1,RM1,1,1103.2,1103.2,Train
2006-03-01,note_1,RM1,1,1034.1,1034.1,Train
2006-04-01,note_1,RM1,1,1002.8,1002.8,Train
2006-05-01,note_1,RM1,1,978.4,978.4,Train
2006-06-01,note_1,RM1,1,967.9,967.9,Train
2006-07-01,note_1,RM1,1,959.7,959.7,Train
2006-08-01,note_1,RM1,1,955.6,955.6,Train
2006-09-01,note_1,RM1,1,964.2,964.2,Train
2006-10-01,note_1,RM1,1,1194.8,1194.8,Train
2006-11-01,note_1,RM1,1,1099.9,1099.9,Train
2006-12-01,note_1,RM1,1,1060.6,1060.6,Train
2007-01-01,note_1,RM1,1,1182.9,1182.9,Train
2007-02-01,note_1,RM1,1,1250.5,1250.5,Train
2007-03-01,note_1,RM1,1,1154.5,1154.5,Train
2007-04-01,note_1,RM1,1,1109.2,1109.2,Train
2007-05-01,note_1,RM1,1,1077.7,1077.7,Train
2007-06-01,note_1,RM1,1,1062.8,1062.8,Train
2007-07-01,note_1,RM1,1,1051.7,1051.7,Train
2007-08-01,note_1,RM1,1,1052.4,1052.4,Train
2007-09-01,note_1,RM1,1,1225.4,1225.4,Train
2007-10-01,note_1,RM1,1,1287.9,1287.9,Train
2007-11-01,note_1,RM1,1,1195.2,1195.2,Train
2007-12-01,note_1,RM1,1,1163.2,1163.2,Train
2008-01-01,note_1,RM1,1,1392.9,1392.9,Train
2008-02-01,note_1,RM1,1,1309.0,1309.0,Train
2008-03-01,note_1,RM1,1,1244.0,1244.0,Train
2008-04-01,note_1,RM1,1,1200.9,1200.9,Train
2008-05-01,note_1,RM1,1,1181.0,1181.0,Train
2008-06-01,note_1,RM1,1,1169.5,1169.5,Train
2008-07-01,note_1,RM1,1,1159.9,1159.9,Train
2008-08-01,note_1,RM1,1,1165.7,1165.7,Train
2008-09-01,note_1,RM1,1,1458.7,1458.7,Train
2008-10-01,note_1,RM1,1,1372.0,1372.0,Train
2008-11-01,note_1,RM1,1,1287.4,1287.4,Train
2008-12-01,note_1,RM1,1,1259.2,1259.2,Train
2009-01-01,note_1,RM1,1,1489.9,1489.9,Train
2009-02-01,note_1,RM1,1,1379.8,1379.8,Train
2009-03-01,note_1,RM1,1,1317.5,1317.5,Train
2009-04-01,note_1,RM1,1,1281.9,1281.9,Train
2009-05-01,note_1,RM1,1,1259.5,1259.5,Train
2009-06-01,note_1,RM1,1,1246.1,1246.1,Train
2009-07-01,note_1,RM1,1,1236.6,1236.6,Train
2009-08-01,note_1,RM1,1,1301.1,1301.1,Train
2009-09-01,note_1,RM1,1,1525.8,1525.8,Train
2009-10-01,note_1,RM1,1,1415.9,1415.9,Train
2009-11-01,note_1,RM1,1,1349.5,1349.5,Train
2009-12-01,note_1,RM1,1,1316.1,1316.1,Train
2010-01-01,note_1,RM1,1,1477.7,1477.7,Train
2010-02-01,note_1,RM1,1,1529.0,1529.0,Train
2010-03-01,note_1,RM1,1,1428.3,1428.3,Train
2010-04-01,note_1,RM1,1,1380.5,1380.5,Train
2010-05-01,note_1,RM1,1,1358.5,1358.5,Train
2010-06-01,note_1,RM1,1,1339.2,1339.2,Train
2010-07-01,note_1,RM1,1,1331.0,1331.0,Train
2010-08-01,note_1,RM1,1,1598.4,1598.4,Train
2010-09-01,note_1,RM1,1,1570.9,1570.9,Train
2010-10-01,note_1,RM1,1,1471.6,1471.6,Train
2010-11-01,note_1,RM1,1,1424.4,1424.4,Train
2010-12-01,note_1,RM1,1,1402.3,1402.3,Train
2011-01-01,note_1,RM1,1,1654.9,1654.9,Train
2011-02-01,note_1,RM1,1,1582.8,1582.8,Train
2011-03-01,note_1,RM1,1,1515.0,1515.0,Train
2011-04-01,note_1,RM1,1,1482.6,1482.6,Train
2011-05-01,note_1,RM1,1,1466.5,1466.5,Train
2011-06-01,note_1,RM1,1,1456.3,1456.3,Train
2011-07-01,note_1,RM1,1,1466.6,1466.6,Train
2011-08-01,note_1,RM1,1,1821.6,1821.6,Train
2011-09-01,note_1,RM1,1,1714.8,1714.8,Train
2011-10-01,note_1,RM1,1,1628.8,1628.8,Train
2011-11-01,note_1,RM1,1,1579.2,1579.2,Train
2011-12-01,note_1,RM1,1,1579.5,1579.5,Train
2012-01-01,note_1,RM1,1,1821.3,1821.3,Train
2012-02-01,note_1,RM1,1,1702.2,1702.2,Train
2012-03-01,note_1,RM1,1,1642.1,1642.1,Train
2012-04-01,note_1,RM1,1,1608.5,1608.5,Train
2012-05-01,note_1,RM1,1,1586.9,1586.9,Train
2012-06-01,note_1,RM1,1,1575.8,1575.8,Train
2012-07-01,note_1,RM1,1,1850.3,1850.3,Train
2012-08-01,note_1,RM1,1,1999.5,1999.5,Train
2012-09-01,note_1,RM1,1,1874.6,1874.6,Train
2012-10-01,note_1,RM1,1,1788.0,1788.0,Train
2012-11-01,note_1,RM1,1,1748.7,1748.7,Train
2012-12-01,note_1,RM1,1,1728.3,1728.3,Train
2013-01-01,note_1,RM1,1,2002.0,2002.0,Train
2013-02-01,note_1,RM1,1,1927.3,1927.3,Train
2013-03-01,note_1,RM1,1,1835.5,1835.5,Train
2013-04-01,note_1,RM1,1,1791.2,1791.2,Train
2013-05-01,note_1,RM1,1,1763.8,1763.8,Train
2013-06-01,note_1,RM1,1,1770.1,1770.1,Train
2013-07-01,note_1,RM1,1,2174.7,2174.7,Train
2013-08-01,note_1,RM1,1,2091.7,2091.7,Train
2013-09-01,note_1,RM1,1,1953.3,1953.3,Train
2013-10-01,note_1,RM1,1,1880.4,1880.4,Train
2013-11-01,note_1,RM1,1,1833.1,1833.1,Train
2013-12-01,note_1,RM1,1,1859.6,1859.6,Train
2014-01-01,note_1,RM1,1,2060.5,2060.5,Train
2014-02-01,note_1,RM1,1,1971.5,1971.5,Train
2014-03-01,note_1,RM1,1,1904.1,1904.1,Train
2014-04-01,note_1,RM1,1,1870.5,1870.5,Train
2014-05-01,note_1,RM1,1,1849.8,1849.8,Train
2014-06-01,note_1,RM1,1,1935.9,1935.9,Train
2014-07-01,note_1,RM1,1,2250.3,2250.3,Train
2014-08-01,note_1,RM1,1,2141.0,2141.0,Train
2014-09-01,note_1,RM1,1,2025.3,2025.3,Train
2014-10-01,note_1,RM1,1,1966.1,1966.1,Train
2014-11-01,note_1,RM1,1,1922.2,1922.2,Train
2014-12-01,note_1,RM1,1,1905.5,1905.5,Train
2015-01-01,note_1,RM1,1,2091.1,2091.1,Train
2015-02-01,note_1,RM1,1,2132.4,2132.4,Train
2015-03-01,note_1,RM1,1,2043.8,2043.8,Train
2015-04-01,note_1,RM1,1,1989.4,1989.4,Train
2015-05-01,note_1,RM1,1,1959.8,1959.8,Train
2015-06-01,note_1,RM1,1,2236.6,2236.6,Train
2015-07-01,note_1,RM1,1,2349.0,2349.0,Train
2015-08-01,note_1,RM1,1,2235.4,2235.4,Train
2015-09-01,note_1,RM1,1,2133.0,2133.0,Train
2015-10-01,note_1,RM1,1,2077.4,2077.4,Train
2015-11-01,note_1,RM1,1,2040.3,2040.3,Train
2015-12-01,note_1,RM1,1,2033.2,2033.2,Train
2016-01-01,note_1,RM1,1,2264.3,2264.3,Train
2016-02-01,note_1,RM1,1,2212.1,2212.1,Train
2016-03-01,note_1,RM1,1,2143.2,2143.2,Train
2016-04-01,note_1,RM1,1,2104.6,2104.6,Train
2016-05-01,note_1,RM1,1,2207.6,2207.6,Train
2016-06-01,note_1,RM1,1,2462.9,2462.9,Train
2016-07-01,note_1,RM1,1,2435.9,2435.9,Train
2016-08-01,note_1,RM1,1,2332.3,2332.3,Train
2016-09-01,note_1,RM1,1,2261.0,2261.0,Train
2016-10-01,note_1,RM1,1,2208.7,2208.7,Train
2016-11-01,note_1,RM1,1,2160.3,2160.3,Train
2016-12-01,note_1,RM1,1,2214.7,2214.7,Train
2017-01-01,note_1,RM1,1,2374.4,2374.4,Train
2017-02-01,note_1,RM1,1,2322.0,2322.0,Train
2017-03-01,note_1,RM1,1,2278.1,2278.1,Train
2017-04-01,note_1,RM1,1,2238.0,2238.0,Train
2017-05-01,note_1,RM1,1,2331.3,2331.3,Train
2017-06-01,note_1,RM1,1,2596.3,2596.3,Train
2017-07-01,note_1,RM1,1,2530.9,2530.9,Train
2017-08-01,note_1,RM1,1,2415.2,2415.2,Train
2017-09-01,note_1,RM1,1,2351.4,2351.4,Train
2017-10-01,note_1,RM1,1,2299.1,2299.1,Train
2017-11-01,note_1,RM1,1,2270.0,2270.0,Train
2017-12-01,note_1,RM1,1,2262.2,2262.2,Train
2018-01-01,note_1,RM1,1,2470.5,2470.5,Train
2018-02-01,note_1,RM1,1,2457.5,2457.5,Train
2018-03-01,note_1,RM1,1,2398.2,2398.2,Train
2018-04-01,note_1,RM1,1,2359.6,2359.6,Train
2018-05-01,note_1,RM1,1,2659.8,2659.8,Train
2018-06-01,note_1,RM1,1,2737.4,2737.4,Train
2018-07-01,note_1,RM1,1,2652.7,2652.7,Train
2018-08-01,note_1,RM1,1,2556.4,2556.4,Train
2018-09-01,note_1,RM1,1,2489.5,2489.5,Train
2018-10-01,note_1,RM1,1,2436.1,2436.1,Train
2018-11-01,note_1,RM1,1,2411.6,2411.6,Train
2018-12-01,note_1,RM1,1,2402.2,2402.2,Train
2019-01-01,note_1,RM1,1,2596.6,2596.6,Train
2019-02-01,note_1,RM1,1,2548.0,2548.0,Train
2019-03-01,note_1,RM1,1,2495.9,2495.9,Train
2019-04-01,note_1,RM1,1,2537.6,2537.6,Train
2019-05-01,note_1,RM1,1,2855.0,2855.0,Train
2019-06-01,note_1,RM1,1,2838.3,2838.3,Train
2019-07-01,note_1,RM1,1,2739.4,2739.4,Train
2019-08-01,note_1,RM1,1,2661.4,2661.4,Train
2019-09-01,note_1,RM1,1,2593.9,2593.9,Train
2019-10-01,note_1,RM1,1,2551.0,2551.0,Train
2019-11-01,note_1,RM1,1,2525.4,2525.4,Train
2019-12-01,note_1,RM1,1,2579.1,2579.1,Train
2020-01-01,note_1,RM1,1,2697.7,2697.7,Train
2020-02-01,note_1,RM1,1,2644.3,2644.3,Train
2020-03-01,note_1,RM1,1,2613.0,2613.0,Train
2020-04-01,note_1,RM1,1,2765.7,2765.7,Train
2020-05-01,note_1,RM1,1,2860.2,2860.2,Train
2020-06-01,note_1,RM1,1,2803.3,2803.3,Train
2020-07-01,note_1,RM1,1,2759.6,2759.6,Train
2020-08-01,note_1,RM1,1,2725.9,2725.9,Train
2020-09-01,note_1,RM1,1,2698.8,2698.8,Train
2020-10-01,note_1,RM1,1,2681.5,2681.5,Train
2020-11-01,note_1,RM1,1,2674.6,2674.6,Train
2020-12-01,note_1,RM1,1,2677.154022,2677.154022,Train
2021-01-01,note_1,RM1,1,2797.917689,2797.917689,Train
2021-02-01,note_1,RM1,1,2790.016779,2790.016779,Test
2021-03-01,note_1,RM1,1,2775.8663245,2775.8663245,Test
2021-04-01,note_1,RM1,1,3001.723709,3001.723709,Test
2021-05-01,note_1,RM1,1,3012.6662655,3012.6662655,Test
2021-06-01,note_1,RM1,1,2983.81815,2983.81815,Test
2021-07-01,note_1,RM1,1,2958.804983,2958.804983,Test
2021-08-01,note_1,RM1,1,2942.0285525,2942.0285525,Test
2021-09-01,note_1,RM1,1,2920.5891615,2920.5891615,Test
2021-10-01,note_1,RM1,1,2911.937547,2911.937547,Test
2021-11-01,note_1,RM1,1,2909.622096,2909.622096,Test
2021-12-01,note_1,RM1,1,2948.8807235,2948.8807235,Test
2022-01-01,note_1,RM1,1,3042.8366285,3042.8366285,Test
2022-02-01,note_1,RM1,1,3020.4277965,3020.4277965,Test
2022-03-01,note_1,RM1,1,3078.1107755,3078.1107755,Test
2022-04-01,note_1,RM1,1,3267.546536,3267.546536,Test
2022-05-01,note_1,RM1,1,3264.704689,3264.704689,Test
2022-06-01,note_1,RM1,1,3225.588322,3225.588322,Test
2022-07-01,note_1,RM1,1,3184.3508815,3184.3508815,Test
2022-08-01,note_1,RM1,1,3124.370902,3124.370902,Test
2022-09-01,note_1,RM1,1,3079.5521745,3079.5521745,Test
2022-10-01,note_1,RM1,1,3053.5370025,3053.5370025,Test
2022-11-01,note_1,RM1,1,3033.295173,3033.295173,Test
2022-12-01,note_1,RM1,1,3111.135887,3111.135887,Test
2023-01-01,note_1,RM1,1,3155.381271,3155.381271,Test
2023-02-01,note_1,RM1,1,3117.67962,3117.67962,Test
2023-03-01,note_1,RM1,1,3343.8096755,3343.8096755,Test
2023-04-01,note_1,RM1,1,3462.6475035,3462.6475035,Test
2023-05-01,note_1,RM1,1,3421.424783,3421.424783,Test
2023-06-01,note_1,RM1,1,3353.004177,3353.004177,Test
2023-07-01,note_1,RM1,1,3267.7879585,3267.7879585,Test
2023-08-01,note_1,RM1,1,3143.709253,3143.709253,Test
2023-09-01,note_1,RM1,1,3068.301169,3068.301169,Test
2023-10-01,note_1,RM1,1,3029.932712,3029.932712,Test
2023-11-01,note_1,RM1,1,3006.4198215,3006.4198215,Test
2023-12-01,note_1,RM1,1,3029.565142,3029.565142,Test
2024-01-01,note_1,RM1,1,3127.3013885,3127.3013885,Test
2024-02-01,note_1,RM1,1,3093.8765985,3093.8765985,Test
2024-03-01,note_1,RM1,1,3448.5535915,3448.5535915,Test
2024-04-01,note_1,RM1,1,3469.021618,3469.021618,Test
2024-05-01,note_1,RM1,1,3375.5473775,3375.5473775,Test
2024-06-01,note_1,RM1,1,3313.687856,3313.687856,Test
2024-07-01,note_1,RM1,1,3232.286078,3232.286078,Test
2024-08-01,note_1,RM1,1,3183.07128,3183.07128,Test
2024-09-01,note_1,RM1,1,3158.28922,3158.28922,Test
2024-10-01,note_1,RM1,1,3127.9969355,3127.9969355,Test
2024-11-01,note_1,RM1,1,3109.9682245,3109.9682245,Test
2024-12-01,note_1,RM1,1,3155.541517,3155.541517,Test
2025-01-01,note_1,RM1,1,3211.267151,3211.267151,Test
2025-02-01,note_1,RM1,1,3330.2800305,3330.2800305,Test
2025-03-01,note_1,RM1,1,3523.4432705,3523.4432705,Test
2025-04-01,note_1,RM1,1,3509.8866375,3509.8866375,Test
2025-05-01,note_1,RM1,1,3438.3736465,3438.3736465,Test
2025-06-01,note_1,RM1,1,3383.6197155,3383.6197155,Test
2025-07-01,note_1,RM1,1,3318.2309045,3318.2309045,Test
2025-08-01,note_1,RM1,1,3261.222365,3261.222365,Test
2025-09-01,note_1,RM1,1,3233.2349375,3233.2349375,Test
2025-10-01,note_1,RM1,1,3217.2711135,3217.2711135,Test
2025-11-01,note_1,RM1,1,3201.43262,3201.43262,Test
2025-12-01,note_1,RM1,1,3245.5476715,3245.5476715,Test
2026-01-01,note_1,RM1,1,3423.6235415,3423.6235415,Test
2026-02-01,note_1,RM1,1,3564.366069,3564.366069,Test
2001-01-01,note_5,RM5,5,740.6,148.12,Train
2001-02-01,note_5,RM5,5,644.5,128.9,Train
2001-03-01,note_5,RM5,5,592.5,118.5,Train
2001-04-01,note_5,RM5,5,563.1,112.62,Train
2001-05-01,note_5,RM5,5,545.9,109.17999999999999,Train
2001-06-01,note_5,RM5,5,533.8,106.75999999999999,Train
2001-07-01,note_5,RM5,5,526.8,105.35999999999999,Train
2001-08-01,note_5,RM5,5,523.7,104.74000000000001,Train
2001-09-01,note_5,RM5,5,520.0,104.0,Train
2001-10-01,note_5,RM5,5,514.1,102.82000000000001,Train
2001-11-01,note_5,RM5,5,551.7,110.34,Train
2001-12-01,note_5,RM5,5,603.6,120.72,Train
2002-01-01,note_5,RM5,5,728.5,145.7,Train
2002-02-01,note_5,RM5,5,714.9,142.98,Train
2002-03-01,note_5,RM5,5,644.3,128.85999999999999,Train
2002-04-01,note_5,RM5,5,610.5,122.1,Train
2002-05-01,note_5,RM5,5,592.8,118.55999999999999,Train
2002-06-01,note_5,RM5,5,577.6,115.52000000000001,Train
2002-07-01,note_5,RM5,5,569.3,113.85999999999999,Train
2002-08-01,note_5,RM5,5,565.9,113.17999999999999,Train
2002-09-01,note_5,RM5,5,562.4,112.47999999999999,Train
2002-10-01,note_5,RM5,5,563.2,112.64000000000001,Train
2002-11-01,note_5,RM5,5,633.2,126.64000000000001,Train
2002-12-01,note_5,RM5,5,615.6,123.12,Train
2003-01-01,note_5,RM5,5,714.7,142.94,Train
2003-02-01,note_5,RM5,5,664.5,132.9,Train
2003-03-01,note_5,RM5,5,624.4,124.88,Train
2003-04-01,note_5,RM5,5,601.3,120.25999999999999,Train
2003-05-01,note_5,RM5,5,591.9,118.38,Train
2003-06-01,note_5,RM5,5,587.4,117.47999999999999,Train
2003-07-01,note_5,RM5,5,582.7,116.54,Train
2003-08-01,note_5,RM5,5,582.2,116.44000000000001,Train
2003-09-01,note_5,RM5,5,582.4,116.47999999999999,Train
2003-10-01,note_5,RM5,5,585.4,117.08,Train
2003-11-01,note_5,RM5,5,697.7,139.54000000000002,Train
2003-12-01,note_5,RM5,5,671.5,134.3,Train
2004-01-01,note_5,RM5,5,786.9,157.38,Train
2004-02-01,note_5,RM5,5,721.9,144.38,Train
2004-03-01,note_5,RM5,5,681.5,136.3,Train
2004-04-01,note_5,RM5,5,659.0,131.8,Train
2004-05-01,note_5,RM5,5,644.2,128.84,Train
2004-06-01,note_5,RM5,5,634.8,126.96,Train
2004-07-01,note_5,RM5,5,625.8,125.16,Train
2004-08-01,note_5,RM5,5,618.7,123.74000000000001,Train
2004-09-01,note_5,RM5,5,610.1,122.02000000000001,Train
2004-10-01,note_5,RM5,5,771.0,154.2,Train
2004-11-01,note_5,RM5,5,827.8,165.56,Train
2004-12-01,note_5,RM5,5,806.1,161.22,Train
2005-01-01,note_5,RM5,5,1032.2,206.44,Train
2005-02-01,note_5,RM5,5,1027.8,205.56,Train
2005-03-01,note_5,RM5,5,991.5,198.3,Train
2005-04-01,note_5,RM5,5,970.8,194.16,Train
2005-05-01,note_5,RM5,5,959.0,191.8,Train
2005-06-01,note_5,RM5,5,947.5,189.5,Train
2005-07-01,note_5,RM5,5,893.2,178.64000000000001,Train
2005-08-01,note_5,RM5,5,853.2,170.64000000000001,Train
2005-09-01,note_5,RM5,5,845.2,169.04000000000002,Train
2005-10-01,note_5,RM5,5,988.3,197.66,Train
2005-11-01,note_5,RM5,5,944.8,188.95999999999998,Train
2005-12-01,note_5,RM5,5,905.2,181.04000000000002,Train
2006-01-01,note_5,RM5,5,1050.6,210.11999999999998,Train
2006-02-01,note_5,RM5,5,993.6,198.72,Train
2006-03-01,note_5,RM5,5,928.2,185.64000000000001,Train
2006-04-01,note_5,RM5,5,894.3,178.85999999999999,Train
2006-05-01,note_5,RM5,5,868.0,173.6,Train
2006-06-01,note_5,RM5,5,855.9,171.18,Train
2006-07-01,note_5,RM5,5,844.7,168.94,Train
2006-08-01,note_5,RM5,5,840.0,168.0,Train
2006-09-01,note_5,RM5,5,841.2,168.24,Train
2006-10-01,note_5,RM5,5,999.2,199.84,Train
2006-11-01,note_5,RM5,5,928.9,185.78,Train
2006-12-01,note_5,RM5,5,899.0,179.8,Train
2007-01-01,note_5,RM5,5,1039.6,207.92,Train
2007-02-01,note_5,RM5,5,1125.5,225.1,Train
2007-03-01,note_5,RM5,5,1027.9,205.58,Train
2007-04-01,note_5,RM5,5,975.0,195.0,Train
2007-05-01,note_5,RM5,5,939.9,187.98,Train
2007-06-01,note_5,RM5,5,919.7,183.94,Train
2007-07-01,note_5,RM5,5,909.0,181.8,Train
2007-08-01,note_5,RM5,5,902.8,180.56,Train
2007-09-01,note_5,RM5,5,1018.7,203.74,Train
2007-10-01,note_5,RM5,5,1046.8,209.35999999999999,Train
2007-11-01,note_5,RM5,5,984.8,196.95999999999998,Train
2007-12-01,note_5,RM5,5,961.5,192.3,Train
2008-01-01,note_5,RM5,5,1245.2,249.04000000000002,Train
2008-02-01,note_5,RM5,5,1162.7,232.54000000000002,Train
2008-03-01,note_5,RM5,5,1087.7,217.54000000000002,Train
2008-04-01,note_5,RM5,5,1041.8,208.35999999999999,Train
2008-05-01,note_5,RM5,5,1018.6,203.72,Train
2008-06-01,note_5,RM5,5,1020.1,204.02,Train
2008-07-01,note_5,RM5,5,1000.6,200.12,Train
2008-08-01,note_5,RM5,5,997.5,199.5,Train
2008-09-01,note_5,RM5,5,1188.7,237.74,Train
2008-10-01,note_5,RM5,5,1122.8,224.56,Train
2008-11-01,note_5,RM5,5,1066.6,213.32,Train
2008-12-01,note_5,RM5,5,1050.1,210.01999999999998,Train
2009-01-01,note_5,RM5,5,1300.7,260.14,Train
2009-02-01,note_5,RM5,5,1198.7,239.74,Train
2009-03-01,note_5,RM5,5,1130.5,226.1,Train
2009-04-01,note_5,RM5,5,1094.6,218.92,Train
2009-05-01,note_5,RM5,5,1072.1,214.42,Train
2009-06-01,note_5,RM5,5,1057.5,211.5,Train
2009-07-01,note_5,RM5,5,1047.3,209.45999999999998,Train
2009-08-01,note_5,RM5,5,1087.8,217.56,Train
2009-09-01,note_5,RM5,5,1242.6,248.51999999999998,Train
2009-10-01,note_5,RM5,5,1157.3,231.45999999999998,Train
2009-11-01,note_5,RM5,5,1110.0,222.0,Train
2009-12-01,note_5,RM5,5,1086.7,217.34,Train
2010-01-01,note_5,RM5,5,1301.9,260.38,Train
2010-02-01,note_5,RM5,5,1349.7,269.94,Train
2010-03-01,note_5,RM5,5,1230.7,246.14000000000001,Train
2010-04-01,note_5,RM5,5,1174.9,234.98000000000002,Train
2010-05-01,note_5,RM5,5,1149.2,229.84,Train
2010-06-01,note_5,RM5,5,1129.8,225.95999999999998,Train
2010-07-01,note_5,RM5,5,1119.0,223.8,Train
2010-08-01,note_5,RM5,5,1335.1,267.02,Train
2010-09-01,note_5,RM5,5,1275.6,255.11999999999998,Train
2010-10-01,note_5,RM5,5,1201.9,240.38000000000002,Train
2010-11-01,note_5,RM5,5,1170.2,234.04000000000002,Train
2010-12-01,note_5,RM5,5,1153.4,230.68,Train
2011-01-01,note_5,RM5,5,1474.4,294.88,Train
2011-02-01,note_5,RM5,5,1371.6,274.32,Train
2011-03-01,note_5,RM5,5,1286.9,257.38,Train
2011-04-01,note_5,RM5,5,1247.0,249.4,Train
2011-05-01,note_5,RM5,5,1223.3,244.66,Train
2011-06-01,note_5,RM5,5,1206.3,241.26,Train
2011-07-01,note_5,RM5,5,1204.4,240.88000000000002,Train
2011-08-01,note_5,RM5,5,1434.3,286.86,Train
2011-09-01,note_5,RM5,5,1337.5,267.5,Train
2011-10-01,note_5,RM5,5,1278.7,255.74,Train
2011-11-01,note_5,RM5,5,1246.4,249.28000000000003,Train
2011-12-01,note_5,RM5,5,1251.3,250.26,Train
2012-01-01,note_5,RM5,5,1504.6,300.91999999999996,Train
2012-02-01,note_5,RM5,5,1395.7,279.14,Train
2012-03-01,note_5,RM5,5,1333.3,266.65999999999997,Train
2012-04-01,note_5,RM5,5,1300.6,260.12,Train
2012-05-01,note_5,RM5,5,1281.4,256.28000000000003,Train
2012-06-01,note_5,RM5,5,1268.3,253.66,Train
2012-07-01,note_5,RM5,5,1458.9,291.78000000000003,Train
2012-08-01,note_5,RM5,5,1568.0,313.6,Train
2012-09-01,note_5,RM5,5,1486.4,297.28000000000003,Train
2012-10-01,note_5,RM5,5,1429.2,285.84000000000003,Train
2012-11-01,note_5,RM5,5,1404.0,280.8,Train
2012-12-01,note_5,RM5,5,1390.9,278.18,Train
2013-01-01,note_5,RM5,5,1732.3,346.46,Train
2013-02-01,note_5,RM5,5,1663.8,332.76,Train
2013-03-01,note_5,RM5,5,1560.4,312.08000000000004,Train
2013-04-01,note_5,RM5,5,1504.7,300.94,Train
2013-05-01,note_5,RM5,5,1474.1,294.82,Train
2013-06-01,note_5,RM5,5,1468.0,293.6,Train
2013-07-01,note_5,RM5,5,1742.2,348.44,Train
2013-08-01,note_5,RM5,5,1655.7,331.14,Train
2013-09-01,note_5,RM5,5,1549.9,309.98,Train
2013-10-01,note_5,RM5,5,1498.5,299.7,Train
2013-11-01,note_5,RM5,5,1468.7,293.74,Train
2013-12-01,note_5,RM5,5,1520.8,304.15999999999997,Train
2014-01-01,note_5,RM5,5,1808.2,361.64,Train
2014-02-01,note_5,RM5,5,1714.0,342.8,Train
2014-03-01,note_5,RM5,5,1632.8,326.56,Train
2014-04-01,note_5,RM5,5,1591.3,318.26,Train
2014-05-01,note_5,RM5,5,1562.9,312.58000000000004,Train
2014-06-01,note_5,RM5,5,1618.7,323.74,Train
2014-07-01,note_5,RM5,5,1844.9,368.98,Train
2014-08-01,note_5,RM5,5,1750.5,350.1,Train
2014-09-01,note_5,RM5,5,1654.6,330.91999999999996,Train
2014-10-01,note_5,RM5,5,1614.4,322.88,Train
2014-11-01,note_5,RM5,5,1585.6,317.12,Train
2014-12-01,note_5,RM5,5,1575.1,315.02,Train
2015-01-01,note_5,RM5,5,1869.4,373.88,Train
2015-02-01,note_5,RM5,5,1937.4,387.48,Train
2015-03-01,note_5,RM5,5,1834.1,366.82,Train
2015-04-01,note_5,RM5,5,1770.6,354.12,Train
2015-05-01,note_5,RM5,5,1736.4,347.28000000000003,Train
2015-06-01,note_5,RM5,5,1932.0,386.4,Train
2015-07-01,note_5,RM5,5,2002.5,400.5,Train
2015-08-01,note_5,RM5,5,1900.4,380.08000000000004,Train
2015-09-01,note_5,RM5,5,1823.6,364.71999999999997,Train
2015-10-01,note_5,RM5,5,1773.9,354.78000000000003,Train
2015-11-01,note_5,RM5,5,1747.3,349.46,Train
2015-12-01,note_5,RM5,5,1734.8,346.96,Train
2016-01-01,note_5,RM5,5,2102.3,420.46000000000004,Train
2016-02-01,note_5,RM5,5,2054.0,410.8,Train
2016-03-01,note_5,RM5,5,1964.1,392.82,Train
2016-04-01,note_5,RM5,5,1906.9,381.38,Train
2016-05-01,note_5,RM5,5,1965.5,393.1,Train
2016-06-01,note_5,RM5,5,2169.8,433.96000000000004,Train
2016-07-01,note_5,RM5,5,2123.2,424.64,Train
2016-08-01,note_5,RM5,5,2009.9,401.98,Train
2016-09-01,note_5,RM5,5,1945.0,389.0,Train
2016-10-01,note_5,RM5,5,1909.6,381.91999999999996,Train
2016-11-01,note_5,RM5,5,1878.8,375.76,Train
2016-12-01,note_5,RM5,5,1979.7,395.94,Train
2017-01-01,note_5,RM5,5,2167.9,433.58000000000004,Train
2017-02-01,note_5,RM5,5,2116.5,423.3,Train
2017-03-01,note_5,RM5,5,2057.2,411.43999999999994,Train
2017-04-01,note_5,RM5,5,2017.8,403.56,Train
2017-05-01,note_5,RM5,5,2056.9,411.38,Train
2017-06-01,note_5,RM5,5,2306.3,461.26000000000005,Train
2017-07-01,note_5,RM5,5,2227.9,445.58000000000004,Train
2017-08-01,note_5,RM5,5,2128.5,425.7,Train
2017-09-01,note_5,RM5,5,2076.2,415.23999999999995,Train
2017-10-01,note_5,RM5,5,2042.7,408.54,Train
2017-11-01,note_5,RM5,5,2019.1,403.82,Train
2017-12-01,note_5,RM5,5,2014.2,402.84000000000003,Train
2018-01-01,note_5,RM5,5,2359.2,471.84,Train
2018-02-01,note_5,RM5,5,2363.4,472.68,Train
2018-03-01,note_5,RM5,5,2273.5,454.7,Train
2018-04-01,note_5,RM5,5,2216.1,443.21999999999997,Train
2018-05-01,note_5,RM5,5,2470.7,494.14,Train
2018-06-01,note_5,RM5,5,2510.4,502.08000000000004,Train
2018-07-01,note_5,RM5,5,2394.7,478.93999999999994,Train
2018-08-01,note_5,RM5,5,2295.7,459.14,Train
2018-09-01,note_5,RM5,5,2246.9,449.38,Train
2018-10-01,note_5,RM5,5,2202.5,440.5,Train
2018-11-01,note_5,RM5,5,2179.9,435.98,Train
2018-12-01,note_5,RM5,5,2177.8,435.56000000000006,Train
2019-01-01,note_5,RM5,5,2560.4,512.08,Train
2019-02-01,note_5,RM5,5,2495.7,499.14,Train
2019-03-01,note_5,RM5,5,2420.8,484.16,Train
2019-04-01,note_5,RM5,5,2432.3,486.46000000000004,Train
2019-05-01,note_5,RM5,5,2699.0,539.8,Train
2019-06-01,note_5,RM5,5,2658.5,531.7,Train
2019-07-01,note_5,RM5,5,2534.0,506.8,Train
2019-08-01,note_5,RM5,5,2463.8,492.76000000000005,Train
2019-09-01,note_5,RM5,5,2408.2,481.64,Train
2019-10-01,note_5,RM5,5,2346.6,469.32,Train
2019-11-01,note_5,RM5,5,2329.0,465.8,Train
2019-12-01,note_5,RM5,5,2460.2,492.03999999999996,Train
2020-01-01,note_5,RM5,5,2690.7,538.14,Train
2020-02-01,note_5,RM5,5,2604.0,520.8,Train
2020-03-01,note_5,RM5,5,2557.3,511.46000000000004,Train
2020-04-01,note_5,RM5,5,2678.3,535.6600000000001,Train
2020-05-01,note_5,RM5,5,2748.6,549.72,Train
2020-06-01,note_5,RM5,5,2667.2,533.4399999999999,Train
2020-07-01,note_5,RM5,5,2614.8,522.96,Train
2020-08-01,note_5,RM5,5,2575.0,515.0,Train
2020-09-01,note_5,RM5,5,2543.6,508.71999999999997,Train
2020-10-01,note_5,RM5,5,2525.4,505.08000000000004,Train
2020-11-01,note_5,RM5,5,2511.4,502.28000000000003,Train
2020-12-01,note_5,RM5,5,2517.5419375,503.5083875,Train
2021-01-01,note_5,RM5,5,2753.876475,550.775295,Train
2021-02-01,note_5,RM5,5,2732.4145775,546.4829155,Test
2021-03-01,note_5,RM5,5,2691.967875,538.3935749999999,Test
2021-04-01,note_5,RM5,5,2898.37506,579.6750119999999,Test
2021-05-01,note_5,RM5,5,2894.997075,578.999415,Test
2021-06-01,note_5,RM5,5,2848.26866,569.653732,Test
2021-07-01,note_5,RM5,5,2808.536295,561.707259,Test
2021-08-01,note_5,RM5,5,2776.11333,555.222666,Test
2021-09-01,note_5,RM5,5,2748.2739975,549.6547995,Test
2021-10-01,note_5,RM5,5,2734.5997,546.91994,Test
2021-11-01,note_5,RM5,5,2727.0057325,545.4011465,Test
2021-12-01,note_5,RM5,5,2821.61233,564.322466,Test
2022-01-01,note_5,RM5,5,2997.88893,599.5777860000001,Test
2022-02-01,note_5,RM5,5,2967.83837,593.567674,Test
2022-03-01,note_5,RM5,5,3003.223285,600.644657,Test
2022-04-01,note_5,RM5,5,3184.461155,636.892231,Test
2022-05-01,note_5,RM5,5,3179.3609325,635.8721865,Test
2022-06-01,note_5,RM5,5,3123.77415,624.7548300000001,Test
2022-07-01,note_5,RM5,5,3058.8396225,611.7679245,Test
2022-08-01,note_5,RM5,5,2991.1551975,598.2310395000001,Test
2022-09-01,note_5,RM5,5,2944.0221075,588.8044215,Test
2022-10-01,note_5,RM5,5,2915.8404125,583.1680825000001,Test
2022-11-01,note_5,RM5,5,2881.195025,576.239005,Test
2022-12-01,note_5,RM5,5,3049.7045,609.9408999999999,Test
2023-01-01,note_5,RM5,5,3162.0804175,632.4160835,Test
2023-02-01,note_5,RM5,5,3095.407685,619.081537,Test
2023-03-01,note_5,RM5,5,3327.856805,665.571361,Test
2023-04-01,note_5,RM5,5,3437.0215875,687.4043174999999,Test
2023-05-01,note_5,RM5,5,3357.11783,671.423566,Test
2023-06-01,note_5,RM5,5,3249.0655975,649.8131195,Test
2023-07-01,note_5,RM5,5,3128.4024525,625.6804905,Test
2023-08-01,note_5,RM5,5,3004.6177125,600.9235424999999,Test
2023-09-01,note_5,RM5,5,2952.8209825,590.5641965,Test
2023-10-01,note_5,RM5,5,2918.20541,583.641082,Test
2023-11-01,note_5,RM5,5,2889.9601575,577.9920315,Test
2023-12-01,note_5,RM5,5,2966.715245,593.343049,Test
2024-01-01,note_5,RM5,5,3196.58787,639.3175739999999,Test
2024-02-01,note_5,RM5,5,3136.1369075,627.2273815,Test
2024-03-01,note_5,RM5,5,3486.03338,697.206676,Test
2024-04-01,note_5,RM5,5,3484.1405425,696.8281085,Test
2024-05-01,note_5,RM5,5,3366.87739,673.375478,Test
2024-06-01,note_5,RM5,5,3279.02083,655.804166,Test
2024-07-01,note_5,RM5,5,3195.443485,639.0886969999999,Test
2024-08-01,note_5,RM5,5,3143.1840475,628.6368095,Test
2024-09-01,note_5,RM5,5,3114.3893225,622.8778645,Test
2024-10-01,note_5,RM5,5,3075.1845425,615.0369085,Test
2024-11-01,note_5,RM5,5,3052.44869,610.489738,Test
2024-12-01,note_5,RM5,5,3168.7206475,633.7441295,Test
2025-01-01,note_5,RM5,5,3302.1838175,660.4367635,Test
2025-02-01,note_5,RM5,5,3430.1300225,686.0260045,Test
2025-03-01,note_5,RM5,5,3698.3032225,739.6606445,Test
2025-04-01,note_5,RM5,5,3643.0504375,728.6100875,Test
2025-05-01,note_5,RM5,5,3541.911095,708.382219,Test
2025-06-01,note_5,RM5,5,3446.206735,689.241347,Test
2025-07-01,note_5,RM5,5,3360.5612025,672.1122405,Test
2025-08-01,note_5,RM5,5,3305.26214,661.052428,Test
2025-09-01,note_5,RM5,5,3265.2048775,653.0409755,Test
2025-10-01,note_5,RM5,5,3233.2160575,646.6432115,Test
2025-11-01,note_5,RM5,5,3206.8986925,641.3797385,Test
2025-12-01,note_5,RM5,5,3338.4901725,667.6980345,Test
2026-01-01,note_5,RM5,5,3601.3204125,720.2640825000001,Test
2026-02-01,note_5,RM5,5,3765.0659175,753.0131835,Test
2001-01-01,note_10,RM10,10,2616.2,261.62,Train
2001-02-01,note_10,RM10,10,2270.6,227.06,Train
2001-03-01,note_10,RM10,10,2148.1,214.81,Train
2001-04-01,note_10,RM10,10,2101.7,210.17,Train
2001-05-01,note_10,RM10,10,2081.0,208.1,Train
2001-06-01,note_10,RM10,10,2068.7,206.86999999999998,Train
2001-07-01,note_10,RM10,10,2066.1,206.60999999999999,Train
2001-08-01,note_10,RM10,10,2107.8,210.78000000000003,Train
2001-09-01,note_10,RM10,10,2098.2,209.82,Train
2001-10-01,note_10,RM10,10,2085.0,208.5,Train
2001-11-01,note_10,RM10,10,2173.1,217.31,Train
2001-12-01,note_10,RM10,10,2266.4,226.64000000000001,Train
2002-01-01,note_10,RM10,10,2587.2,258.71999999999997,Train
2002-02-01,note_10,RM10,10,2544.1,254.41,Train
2002-03-01,note_10,RM10,10,2321.2,232.11999999999998,Train
2002-04-01,note_10,RM10,10,2249.1,224.91,Train
2002-05-01,note_10,RM10,10,2233.6,223.35999999999999,Train
2002-06-01,note_10,RM10,10,2201.5,220.15,Train
2002-07-01,note_10,RM10,10,2197.9,219.79000000000002,Train
2002-08-01,note_10,RM10,10,2205.1,220.51,Train
2002-09-01,note_10,RM10,10,2199.7,219.96999999999997,Train
2002-10-01,note_10,RM10,10,2210.4,221.04000000000002,Train
2002-11-01,note_10,RM10,10,2413.4,241.34,Train
2002-12-01,note_10,RM10,10,2345.0,234.5,Train
2003-01-01,note_10,RM10,10,2941.0,294.1,Train
2003-02-01,note_10,RM10,10,2598.5,259.85,Train
2003-03-01,note_10,RM10,10,2458.7,245.86999999999998,Train
2003-04-01,note_10,RM10,10,2387.2,238.71999999999997,Train
2003-05-01,note_10,RM10,10,2374.4,237.44,Train
2003-06-01,note_10,RM10,10,2362.0,236.2,Train
2003-07-01,note_10,RM10,10,2346.0,234.6,Train
2003-08-01,note_10,RM10,10,2377.7,237.76999999999998,Train
2003-09-01,note_10,RM10,10,2372.1,237.20999999999998,Train
2003-10-01,note_10,RM10,10,2374.2,237.42,Train
2003-11-01,note_10,RM10,10,2611.7,261.16999999999996,Train
2003-12-01,note_10,RM10,10,2454.9,245.49,Train
2004-01-01,note_10,RM10,10,3001.8,300.18,Train
2004-02-01,note_10,RM10,10,2701.7,270.16999999999996,Train
2004-03-01,note_10,RM10,10,2579.4,257.94,Train
2004-04-01,note_10,RM10,10,2537.6,253.76,Train
2004-05-01,note_10,RM10,10,2501.9,250.19,Train
2004-06-01,note_10,RM10,10,2472.3,247.23000000000002,Train
2004-07-01,note_10,RM10,10,2476.1,247.60999999999999,Train
2004-08-01,note_10,RM10,10,2476.6,247.66,Train
2004-09-01,note_10,RM10,10,2459.7,245.96999999999997,Train
2004-10-01,note_10,RM10,10,2660.6,266.06,Train
2004-11-01,note_10,RM10,10,2581.9,258.19,Train
2004-12-01,note_10,RM10,10,2511.5,251.15,Train
2005-01-01,note_10,RM10,10,3096.0,309.6,Train
2005-02-01,note_10,RM10,10,2926.4,292.64,Train
2005-03-01,note_10,RM10,10,2662.9,266.29,Train
2005-04-01,note_10,RM10,10,2591.6,259.15999999999997,Train
2005-05-01,note_10,RM10,10,2543.7,254.36999999999998,Train
2005-06-01,note_10,RM10,10,2504.6,250.45999999999998,Train
2005-07-01,note_10,RM10,10,2516.1,251.60999999999999,Train
2005-08-01,note_10,RM10,10,2535.9,253.59,Train
2005-09-01,note_10,RM10,10,2531.6,253.16,Train
2005-10-01,note_10,RM10,10,2826.8,282.68,Train
2005-11-01,note_10,RM10,10,2609.7,260.96999999999997,Train
2005-12-01,note_10,RM10,10,2576.8,257.68,Train
2006-01-01,note_10,RM10,10,3316.5,331.65,Train
2006-02-01,note_10,RM10,10,2941.3,294.13,Train
2006-03-01,note_10,RM10,10,2761.3,276.13,Train
2006-04-01,note_10,RM10,10,2718.9,271.89,Train
2006-05-01,note_10,RM10,10,2678.3,267.83000000000004,Train
2006-06-01,note_10,RM10,10,2675.3,267.53000000000003,Train
2006-07-01,note_10,RM10,10,2689.6,268.96,Train
2006-08-01,note_10,RM10,10,2704.2,270.41999999999996,Train
2006-09-01,note_10,RM10,10,2702.9,270.29,Train
2006-10-01,note_10,RM10,10,2991.3,299.13,Train
2006-11-01,note_10,RM10,10,2746.1,274.61,Train
2006-12-01,note_10,RM10,10,2766.3,276.63,Train
2007-01-01,note_10,RM10,10,3125.0,312.5,Train
2007-02-01,note_10,RM10,10,3389.9,338.99,Train
2007-03-01,note_10,RM10,10,3078.7,307.87,Train
2007-04-01,note_10,RM10,10,3010.4,301.04,Train
2007-05-01,note_10,RM10,10,2916.8,291.68,Train
2007-06-01,note_10,RM10,10,2927.1,292.71,Train
2007-07-01,note_10,RM10,10,2952.5,295.25,Train
2007-08-01,note_10,RM10,10,3013.5,301.35,Train
2007-09-01,note_10,RM10,10,3195.2,319.52,Train
2007-10-01,note_10,RM10,10,3154.0,315.4,Train
2007-11-01,note_10,RM10,10,3054.4,305.44,Train
2007-12-01,note_10,RM10,10,3075.3,307.53000000000003,Train
2008-01-01,note_10,RM10,10,3829.9,382.99,Train
2008-02-01,note_10,RM10,10,3594.4,359.44,Train
2008-03-01,note_10,RM10,10,3413.5,341.35,Train
2008-04-01,note_10,RM10,10,3310.7,331.07,Train
2008-05-01,note_10,RM10,10,3279.3,327.93,Train
2008-06-01,note_10,RM10,10,3292.1,329.21,Train
2008-07-01,note_10,RM10,10,3252.6,325.26,Train
2008-08-01,note_10,RM10,10,3302.6,330.26,Train
2008-09-01,note_10,RM10,10,3637.0,363.7,Train
2008-10-01,note_10,RM10,10,3389.3,338.93,Train
2008-11-01,note_10,RM10,10,3293.8,329.38,Train
2008-12-01,note_10,RM10,10,3327.3,332.73,Train
2009-01-01,note_10,RM10,10,4117.2,411.71999999999997,Train
2009-02-01,note_10,RM10,10,3706.6,370.65999999999997,Train
2009-03-01,note_10,RM10,10,3560.6,356.06,Train
2009-04-01,note_10,RM10,10,3523.6,352.36,Train
2009-05-01,note_10,RM10,10,3487.2,348.71999999999997,Train
2009-06-01,note_10,RM10,10,3453.3,345.33000000000004,Train
2009-07-01,note_10,RM10,10,3481.6,348.15999999999997,Train
2009-08-01,note_10,RM10,10,3565.3,356.53000000000003,Train
2009-09-01,note_10,RM10,10,3745.0,374.5,Train
2009-10-01,note_10,RM10,10,3551.0,355.1,Train
2009-11-01,note_10,RM10,10,3514.7,351.46999999999997,Train
2009-12-01,note_10,RM10,10,3544.9,354.49,Train
2010-01-01,note_10,RM10,10,4193.1,419.31000000000006,Train
2010-02-01,note_10,RM10,10,4378.9,437.89,Train
2010-03-01,note_10,RM10,10,4019.0,401.9,Train
2010-04-01,note_10,RM10,10,3915.4,391.54,Train
2010-05-01,note_10,RM10,10,3902.6,390.26,Train
2010-06-01,note_10,RM10,10,3813.5,381.35,Train
2010-07-01,note_10,RM10,10,3826.8,382.68,Train
2010-08-01,note_10,RM10,10,4180.8,418.08000000000004,Train
2010-09-01,note_10,RM10,10,3990.9,399.09000000000003,Train
2010-10-01,note_10,RM10,10,3922.8,392.28000000000003,Train
2010-11-01,note_10,RM10,10,3877.5,387.75,Train
2010-12-01,note_10,RM10,10,3947.9,394.79,Train
2011-01-01,note_10,RM10,10,4584.1,458.41,Train
2011-02-01,note_10,RM10,10,4337.8,433.78000000000003,Train
2011-03-01,note_10,RM10,10,4161.6,416.16,Train
2011-04-01,note_10,RM10,10,4159.5,415.95,Train
2011-05-01,note_10,RM10,10,4123.5,412.35,Train
2011-06-01,note_10,RM10,10,4082.2,408.21999999999997,Train
2011-07-01,note_10,RM10,10,4122.6,412.26000000000005,Train
2011-08-01,note_10,RM10,10,4634.8,463.48,Train
2011-09-01,note_10,RM10,10,4299.7,429.96999999999997,Train
2011-10-01,note_10,RM10,10,4278.8,427.88,Train
2011-11-01,note_10,RM10,10,4250.3,425.03000000000003,Train
2011-12-01,note_10,RM10,10,4370.2,437.02,Train
2012-01-01,note_10,RM10,10,5193.8,519.38,Train
2012-02-01,note_10,RM10,10,4727.0,472.7,Train
2012-03-01,note_10,RM10,10,4613.5,461.35,Train
2012-04-01,note_10,RM10,10,4582.4,458.23999999999995,Train
2012-05-01,note_10,RM10,10,4522.9,452.28999999999996,Train
2012-06-01,note_10,RM10,10,4538.0,453.8,Train
2012-07-01,note_10,RM10,10,4800.1,480.01000000000005,Train
2012-08-01,note_10,RM10,10,4953.4,495.34,Train
2012-09-01,note_10,RM10,10,4697.9,469.78999999999996,Train
2012-10-01,note_10,RM10,10,4604.0,460.4,Train
2012-11-01,note_10,RM10,10,4563.9,456.39,Train
2012-12-01,note_10,RM10,10,4571.3,457.13,Train
2013-01-01,note_10,RM10,10,5304.1,530.4100000000001,Train
2013-02-01,note_10,RM10,10,4983.7,498.37,Train
2013-03-01,note_10,RM10,10,4676.4,467.64,Train
2013-04-01,note_10,RM10,10,4514.6,451.46000000000004,Train
2013-05-01,note_10,RM10,10,4415.4,441.53999999999996,Train
2013-06-01,note_10,RM10,10,4357.1,435.71000000000004,Train
2013-07-01,note_10,RM10,10,4691.0,469.1,Train
2013-08-01,note_10,RM10,10,4484.0,448.4,Train
2013-09-01,note_10,RM10,10,4313.1,431.31000000000006,Train
2013-10-01,note_10,RM10,10,4238.2,423.82,Train
2013-11-01,note_10,RM10,10,4214.2,421.41999999999996,Train
2013-12-01,note_10,RM10,10,4396.6,439.66,Train
2014-01-01,note_10,RM10,10,5262.3,526.23,Train
2014-02-01,note_10,RM10,10,4888.7,488.87,Train
2014-03-01,note_10,RM10,10,4662.9,466.28999999999996,Train
2014-04-01,note_10,RM10,10,4558.1,455.81000000000006,Train
2014-05-01,note_10,RM10,10,4480.0,448.0,Train
2014-06-01,note_10,RM10,10,4539.7,453.96999999999997,Train
2014-07-01,note_10,RM10,10,4859.1,485.91,Train
2014-08-01,note_10,RM10,10,4587.2,458.71999999999997,Train
2014-09-01,note_10,RM10,10,4450.9,445.09,Train
2014-10-01,note_10,RM10,10,4391.4,439.14,Train
2014-11-01,note_10,RM10,10,4369.4,436.93999999999994,Train
2014-12-01,note_10,RM10,10,4418.3,441.83000000000004,Train
2015-01-01,note_10,RM10,10,5219.9,521.99,Train
2015-02-01,note_10,RM10,10,5418.3,541.83,Train
2015-03-01,note_10,RM10,10,5065.5,506.55,Train
2015-04-01,note_10,RM10,10,4930.6,493.06000000000006,Train
2015-05-01,note_10,RM10,10,4823.7,482.37,Train
2015-06-01,note_10,RM10,10,5067.9,506.78999999999996,Train
2015-07-01,note_10,RM10,10,5091.3,509.13,Train
2015-08-01,note_10,RM10,10,4900.4,490.03999999999996,Train
2015-09-01,note_10,RM10,10,4830.7,483.07,Train
2015-10-01,note_10,RM10,10,4789.5,478.95,Train
2015-11-01,note_10,RM10,10,4755.4,475.53999999999996,Train
2015-12-01,note_10,RM10,10,4890.9,489.09,Train
2016-01-01,note_10,RM10,10,5966.6,596.6600000000001,Train
2016-02-01,note_10,RM10,10,5674.8,567.48,Train
2016-03-01,note_10,RM10,10,5306.6,530.6600000000001,Train
2016-04-01,note_10,RM10,10,5218.4,521.8399999999999,Train
2016-05-01,note_10,RM10,10,5270.5,527.05,Train
2016-06-01,note_10,RM10,10,5492.3,549.23,Train
2016-07-01,note_10,RM10,10,5257.3,525.73,Train
2016-08-01,note_10,RM10,10,5079.6,507.96000000000004,Train
2016-09-01,note_10,RM10,10,5029.9,502.98999999999995,Train
2016-10-01,note_10,RM10,10,4988.9,498.89,Train
2016-11-01,note_10,RM10,10,4912.4,491.23999999999995,Train
2016-12-01,note_10,RM10,10,5248.2,524.8199999999999,Train
2017-01-01,note_10,RM10,10,6029.0,602.9,Train
2017-02-01,note_10,RM10,10,5649.2,564.92,Train
2017-03-01,note_10,RM10,10,5487.3,548.73,Train
2017-04-01,note_10,RM10,10,5382.1,538.21,Train
2017-05-01,note_10,RM10,10,5513.5,551.35,Train
2017-06-01,note_10,RM10,10,5923.8,592.38,Train
2017-07-01,note_10,RM10,10,5438.9,543.89,Train
2017-08-01,note_10,RM10,10,5294.2,529.42,Train
2017-09-01,note_10,RM10,10,5196.9,519.6899999999999,Train
2017-10-01,note_10,RM10,10,5150.8,515.08,Train
2017-11-01,note_10,RM10,10,5160.3,516.03,Train
2017-12-01,note_10,RM10,10,5165.6,516.5600000000001,Train
2018-01-01,note_10,RM10,10,6290.2,629.02,Train
2018-02-01,note_10,RM10,10,6146.7,614.67,Train
2018-03-01,note_10,RM10,10,5805.9,580.5899999999999,Train
2018-04-01,note_10,RM10,10,5678.0,567.8,Train
2018-05-01,note_10,RM10,10,6046.5,604.65,Train
2018-06-01,note_10,RM10,10,5995.1,599.51,Train
2018-07-01,note_10,RM10,10,5607.1,560.71,Train
2018-08-01,note_10,RM10,10,5553.9,555.39,Train
2018-09-01,note_10,RM10,10,5439.4,543.9399999999999,Train
2018-10-01,note_10,RM10,10,5384.9,538.49,Train
2018-11-01,note_10,RM10,10,5362.0,536.2,Train
2018-12-01,note_10,RM10,10,5413.1,541.3100000000001,Train
2019-01-01,note_10,RM10,10,6573.8,657.38,Train
2019-02-01,note_10,RM10,10,6199.8,619.98,Train
2019-03-01,note_10,RM10,10,5975.2,597.52,Train
2019-04-01,note_10,RM10,10,5982.2,598.22,Train
2019-05-01,note_10,RM10,10,6386.8,638.6800000000001,Train
2019-06-01,note_10,RM10,10,6100.9,610.0899999999999,Train
2019-07-01,note_10,RM10,10,5855.9,585.5899999999999,Train
2019-08-01,note_10,RM10,10,5755.7,575.5699999999999,Train
2019-09-01,note_10,RM10,10,5729.7,572.97,Train
2019-10-01,note_10,RM10,10,5683.3,568.33,Train
2019-11-01,note_10,RM10,10,5665.9,566.5899999999999,Train
2019-12-01,note_10,RM10,10,6098.4,609.8399999999999,Train
2020-01-01,note_10,RM10,10,6907.0,690.7,Train
2020-02-01,note_10,RM10,10,6447.0,644.7,Train
2020-03-01,note_10,RM10,10,6375.8,637.58,Train
2020-04-01,note_10,RM10,10,6646.8,664.6800000000001,Train
2020-05-01,note_10,RM10,10,6701.3,670.13,Train
2020-06-01,note_10,RM10,10,6477.8,647.78,Train
2020-07-01,note_10,RM10,10,6437.9,643.79,Train
2020-08-01,note_10,RM10,10,6380.7,638.0699999999999,Train
2020-09-01,note_10,RM10,10,6331.2,633.12,Train
2020-10-01,note_10,RM10,10,6345.6,634.5600000000001,Train
2020-11-01,note_10,RM10,10,6269.7,626.97,Train
2020-12-01,note_10,RM10,10,6329.534185,632.9534185,Train
2021-01-01,note_10,RM10,10,7286.650415,728.6650415,Train
2021-02-01,note_10,RM10,10,7123.35543,712.3355429999999,Test
2021-03-01,note_10,RM10,10,6893.192205,689.3192205,Test
2021-04-01,note_10,RM10,10,7248.58671,724.858671,Test
2021-05-01,note_10,RM10,10,7099.50651,709.950651,Test
2021-06-01,note_10,RM10,10,6846.29798,684.629798,Test
2021-07-01,note_10,RM10,10,6776.52114,677.652114,Test
2021-08-01,note_10,RM10,10,6723.578235,672.3578235,Test
2021-09-01,note_10,RM10,10,6697.01523,669.701523,Test
2021-10-01,note_10,RM10,10,6708.285375,670.8285375,Test
2021-11-01,note_10,RM10,10,6691.83206,669.1832059999999,Test
2021-12-01,note_10,RM10,10,6997.022465,699.7022465,Test
2022-01-01,note_10,RM10,10,7667.44901,766.744901,Test
2022-02-01,note_10,RM10,10,7404.96555,740.496555,Test
2022-03-01,note_10,RM10,10,7377.25925,737.725925,Test
2022-04-01,note_10,RM10,10,7810.064915,781.0064915,Test
2022-05-01,note_10,RM10,10,7640.560155,764.0560155000001,Test
2022-06-01,note_10,RM10,10,7341.388415,734.1388415,Test
2022-07-01,note_10,RM10,10,7200.5891,720.05891,Test
2022-08-01,note_10,RM10,10,7095.97118,709.5971179999999,Test
2022-09-01,note_10,RM10,10,7035.35796,703.535796,Test
2022-10-01,note_10,RM10,10,7023.750095,702.3750095,Test
2022-11-01,note_10,RM10,10,7006.460815,700.6460815,Test
2022-12-01,note_10,RM10,10,7770.010525,777.0010525,Test
2023-01-01,note_10,RM10,10,8115.95881,811.595881,Test
2023-02-01,note_10,RM10,10,7753.820635,775.3820635,Test
2023-03-01,note_10,RM10,10,8131.75874,813.175874,Test
2023-04-01,note_10,RM10,10,8289.401635,828.9401635,Test
2023-05-01,note_10,RM10,10,7748.897005,774.8897005,Test
2023-06-01,note_10,RM10,10,7529.41836,752.941836,Test
2023-07-01,note_10,RM10,10,7333.54532,733.3545320000001,Test
2023-08-01,note_10,RM10,10,7210.06102,721.006102,Test
2023-09-01,note_10,RM10,10,7174.920425,717.4920425,Test
2023-10-01,note_10,RM10,10,7136.48343,713.6483430000001,Test
2023-11-01,note_10,RM10,10,7106.64855,710.664855,Test
2023-12-01,note_10,RM10,10,7449.423375,744.9423375,Test
2024-01-01,note_10,RM10,10,8302.65177,830.265177,Test
2024-02-01,note_10,RM10,10,8109.682735,810.9682735,Test
2024-03-01,note_10,RM10,10,8491.70266,849.1702660000001,Test
2024-04-01,note_10,RM10,10,8187.651815,818.7651815,Test
2024-05-01,note_10,RM10,10,7830.93608,783.093608,Test
2024-06-01,note_10,RM10,10,7706.788315,770.6788315,Test
2024-07-01,note_10,RM10,10,7548.51475,754.851475,Test
2024-08-01,note_10,RM10,10,7487.16185,748.716185,Test
2024-09-01,note_10,RM10,10,7442.69883,744.269883,Test
2024-10-01,note_10,RM10,10,7402.066905,740.2066904999999,Test
2024-11-01,note_10,RM10,10,7451.65808,745.165808,Test
2024-12-01,note_10,RM10,10,7774.32942,777.432942,Test
2025-01-01,note_10,RM10,10,8671.533525,867.1533525000001,Test
2025-02-01,note_10,RM10,10,8538.190705,853.8190705000001,Test
2025-03-01,note_10,RM10,10,8906.89582,890.689582,Test
2025-04-01,note_10,RM10,10,8743.021025,874.3021025,Test
2025-05-01,note_10,RM10,10,8563.33757,856.333757,Test
2025-06-01,note_10,RM10,10,8464.03205,846.403205,Test
2025-07-01,note_10,RM10,10,8149.19954,814.919954,Test
2025-08-01,note_10,RM10,10,8076.924305,807.6924305,Test
2025-09-01,note_10,RM10,10,8015.28062,801.5280620000001,Test
2025-10-01,note_10,RM10,10,8021.430935,802.1430935000001,Test
2025-11-01,note_10,RM10,10,8011.4198,801.14198,Test
2025-12-01,note_10,RM10,10,8357.020215,835.7020215,Test
2026-01-01,note_10,RM10,10,9187.221095,918.7221095000001,Test
2026-02-01,note_10,RM10,10,9630.124815,963.0124814999999,Test
2001-01-01,note_20,RM20,20,78.4,3.9200000000000004,Train
2001-02-01,note_20,RM20,20,78.2,3.91,Train
2001-03-01,note_20,RM20,20,78.0,3.9,Train
2001-04-01,note_20,RM20,20,77.7,3.8850000000000002,Train
2001-05-01,note_20,RM20,20,77.4,3.87,Train
2001-06-01,note_20,RM20,20,77.3,3.8649999999999998,Train
2001-07-01,note_20,RM20,20,77.0,3.85,Train
2001-08-01,note_20,RM20,20,76.8,3.84,Train
2001-09-01,note_20,RM20,20,76.7,3.835,Train
2001-10-01,note_20,RM20,20,76.5,3.825,Train
2001-11-01,note_20,RM20,20,76.4,3.8200000000000003,Train
2001-12-01,note_20,RM20,20,76.4,3.8200000000000003,Train
2002-01-01,note_20,RM20,20,76.3,3.815,Train
2002-02-01,note_20,RM20,20,76.2,3.81,Train
2002-03-01,note_20,RM20,20,76.0,3.8,Train
2002-04-01,note_20,RM20,20,76.0,3.8,Train
2002-05-01,note_20,RM20,20,75.8,3.79,Train
2002-06-01,note_20,RM20,20,75.7,3.785,Train
2002-07-01,note_20,RM20,20,75.7,3.785,Train
2002-08-01,note_20,RM20,20,75.5,3.775,Train
2002-09-01,note_20,RM20,20,75.5,3.775,Train
2002-10-01,note_20,RM20,20,75.3,3.7649999999999997,Train
2002-11-01,note_20,RM20,20,75.3,3.7649999999999997,Train
2002-12-01,note_20,RM20,20,75.2,3.7600000000000002,Train
2003-01-01,note_20,RM20,20,75.1,3.755,Train
2003-02-01,note_20,RM20,20,75.1,3.755,Train
2003-03-01,note_20,RM20,20,75.0,3.75,Train
2003-04-01,note_20,RM20,20,74.9,3.745,Train
2003-05-01,note_20,RM20,20,74.9,3.745,Train
2003-06-01,note_20,RM20,20,74.8,3.7399999999999998,Train
2003-07-01,note_20,RM20,20,74.7,3.7350000000000003,Train
2003-08-01,note_20,RM20,20,74.6,3.7299999999999995,Train
2003-09-01,note_20,RM20,20,74.6,3.7299999999999995,Train
2003-10-01,note_20,RM20,20,74.5,3.725,Train
2003-11-01,note_20,RM20,20,74.5,3.725,Train
2003-12-01,note_20,RM20,20,74.4,3.72,Train
2004-01-01,note_20,RM20,20,74.4,3.72,Train
2004-02-01,note_20,RM20,20,74.3,3.715,Train
2004-03-01,note_20,RM20,20,74.2,3.71,Train
2004-04-01,note_20,RM20,20,74.2,3.71,Train
2004-05-01,note_20,RM20,20,74.2,3.71,Train
2004-06-01,note_20,RM20,20,74.1,3.7049999999999996,Train
2004-07-01,note_20,RM20,20,74.1,3.7049999999999996,Train
2004-08-01,note_20,RM20,20,74.0,3.7,Train
2004-09-01,note_20,RM20,20,74.0,3.7,Train
2004-10-01,note_20,RM20,20,74.0,3.7,Train
2004-11-01,note_20,RM20,20,74.0,3.7,Train
2004-12-01,note_20,RM20,20,73.9,3.6950000000000003,Train
2005-01-01,note_20,RM20,20,73.9,3.6950000000000003,Train
2005-02-01,note_20,RM20,20,73.9,3.6950000000000003,Train
2005-03-01,note_20,RM20,20,73.8,3.69,Train
2005-04-01,note_20,RM20,20,73.8,3.69,Train
2005-05-01,note_20,RM20,20,73.8,3.69,Train
2005-06-01,note_20,RM20,20,73.7,3.685,Train
2005-07-01,note_20,RM20,20,73.7,3.685,Train
2005-08-01,note_20,RM20,20,73.7,3.685,Train
2005-09-01,note_20,RM20,20,73.6,3.6799999999999997,Train
2005-10-01,note_20,RM20,20,73.6,3.6799999999999997,Train
2005-11-01,note_20,RM20,20,73.6,3.6799999999999997,Train
2005-12-01,note_20,RM20,20,73.5,3.675,Train
2006-01-01,note_20,RM20,20,73.5,3.675,Train
2006-02-01,note_20,RM20,20,73.5,3.675,Train
2006-03-01,note_20,RM20,20,73.4,3.6700000000000004,Train
2006-04-01,note_20,RM20,20,73.4,3.6700000000000004,Train
2006-05-01,note_20,RM20,20,73.4,3.6700000000000004,Train
2006-06-01,note_20,RM20,20,73.3,3.665,Train
2006-07-01,note_20,RM20,20,73.3,3.665,Train
2006-08-01,note_20,RM20,20,73.3,3.665,Train
2006-09-01,note_20,RM20,20,73.3,3.665,Train
2006-10-01,note_20,RM20,20,73.2,3.66,Train
2006-11-01,note_20,RM20,20,73.2,3.66,Train
2006-12-01,note_20,RM20,20,73.2,3.66,Train
2007-01-01,note_20,RM20,20,73.2,3.66,Train
2007-02-01,note_20,RM20,20,73.2,3.66,Train
2007-03-01,note_20,RM20,20,73.1,3.655,Train
2007-04-01,note_20,RM20,20,73.1,3.655,Train
2007-05-01,note_20,RM20,20,73.1,3.655,Train
2007-06-01,note_20,RM20,20,73.0,3.65,Train
2007-07-01,note_20,RM20,20,73.0,3.65,Train
2007-08-01,note_20,RM20,20,73.0,3.65,Train
2007-09-01,note_20,RM20,20,73.0,3.65,Train
2007-10-01,note_20,RM20,20,73.0,3.65,Train
2007-11-01,note_20,RM20,20,73.0,3.65,Train
2007-12-01,note_20,RM20,20,73.0,3.65,Train
2008-01-01,note_20,RM20,20,73.0,3.65,Train
2008-02-01,note_20,RM20,20,72.9,3.6450000000000005,Train
2008-03-01,note_20,RM20,20,72.9,3.6450000000000005,Train
2008-04-01,note_20,RM20,20,72.9,3.6450000000000005,Train
2008-05-01,note_20,RM20,20,72.9,3.6450000000000005,Train
2008-06-01,note_20,RM20,20,72.9,3.6450000000000005,Train
2008-07-01,note_20,RM20,20,72.8,3.6399999999999997,Train
2008-08-01,note_20,RM20,20,72.8,3.6399999999999997,Train
2008-09-01,note_20,RM20,20,72.8,3.6399999999999997,Train
2008-10-01,note_20,RM20,20,72.8,3.6399999999999997,Train
2008-11-01,note_20,RM20,20,72.8,3.6399999999999997,Train
2008-12-01,note_20,RM20,20,72.8,3.6399999999999997,Train
2009-01-01,note_20,RM20,20,72.8,3.6399999999999997,Train
2009-02-01,note_20,RM20,20,72.8,3.6399999999999997,Train
2009-03-01,note_20,RM20,20,72.8,3.6399999999999997,Train
2009-04-01,note_20,RM20,20,72.7,3.6350000000000002,Train
2009-05-01,note_20,RM20,20,72.7,3.6350000000000002,Train
2009-06-01,note_20,RM20,20,72.7,3.6350000000000002,Train
2009-07-01,note_20,RM20,20,72.7,3.6350000000000002,Train
2009-08-01,note_20,RM20,20,72.7,3.6350000000000002,Train
2009-09-01,note_20,RM20,20,72.7,3.6350000000000002,Train
2009-10-01,note_20,RM20,20,72.7,3.6350000000000002,Train
2009-11-01,note_20,RM20,20,72.7,3.6350000000000002,Train
2009-12-01,note_20,RM20,20,72.7,3.6350000000000002,Train
2010-01-01,note_20,RM20,20,72.7,3.6350000000000002,Train
2010-02-01,note_20,RM20,20,72.7,3.6350000000000002,Train
2010-03-01,note_20,RM20,20,72.6,3.63,Train
2010-04-01,note_20,RM20,20,72.6,3.63,Train
2010-05-01,note_20,RM20,20,72.6,3.63,Train
2010-06-01,note_20,RM20,20,72.6,3.63,Train
2010-07-01,note_20,RM20,20,72.6,3.63,Train
2010-08-01,note_20,RM20,20,72.6,3.63,Train
2010-09-01,note_20,RM20,20,72.6,3.63,Train
2010-10-01,note_20,RM20,20,72.6,3.63,Train
2010-11-01,note_20,RM20,20,72.6,3.63,Train
2010-12-01,note_20,RM20,20,72.6,3.63,Train
2011-01-01,note_20,RM20,20,72.6,3.63,Train
2011-02-01,note_20,RM20,20,72.6,3.63,Train
2011-03-01,note_20,RM20,20,72.5,3.625,Train
2011-04-01,note_20,RM20,20,72.5,3.625,Train
2011-05-01,note_20,RM20,20,72.5,3.625,Train
2011-06-01,note_20,RM20,20,72.5,3.625,Train
2011-07-01,note_20,RM20,20,72.5,3.625,Train
2011-08-01,note_20,RM20,20,72.5,3.625,Train
2011-09-01,note_20,RM20,20,72.5,3.625,Train
2011-10-01,note_20,RM20,20,72.5,3.625,Train
2011-11-01,note_20,RM20,20,72.5,3.625,Train
2011-12-01,note_20,RM20,20,73.4,3.6700000000000004,Train
2012-01-01,note_20,RM20,20,74.2,3.71,Train
2012-02-01,note_20,RM20,20,74.2,3.71,Train
2012-03-01,note_20,RM20,20,74.4,3.72,Train
2012-04-01,note_20,RM20,20,74.4,3.72,Train
2012-05-01,note_20,RM20,20,74.7,3.7350000000000003,Train
2012-06-01,note_20,RM20,20,74.7,3.7350000000000003,Train
2012-07-01,note_20,RM20,20,406.1,20.305,Train
2012-08-01,note_20,RM20,20,506.7,25.335,Train
2012-09-01,note_20,RM20,20,498.0,24.9,Train
2012-10-01,note_20,RM20,20,488.5,24.425,Train
2012-11-01,note_20,RM20,20,518.3,25.915,Train
2012-12-01,note_20,RM20,20,761.8,38.089999999999996,Train
2013-01-01,note_20,RM20,20,1464.5,73.225,Train
2013-02-01,note_20,RM20,20,1451.0,72.55,Train
2013-03-01,note_20,RM20,20,1488.9,74.44500000000001,Train
2013-04-01,note_20,RM20,20,1494.1,74.705,Train
2013-05-01,note_20,RM20,20,1504.2,75.21000000000001,Train
2013-06-01,note_20,RM20,20,1515.0,75.75,Train
2013-07-01,note_20,RM20,20,1645.6,82.28,Train
2013-08-01,note_20,RM20,20,1595.1,79.755,Train
2013-09-01,note_20,RM20,20,1541.9,77.095,Train
2013-10-01,note_20,RM20,20,1495.8,74.78999999999999,Train
2013-11-01,note_20,RM20,20,1501.6,75.08,Train
2013-12-01,note_20,RM20,20,1571.2,78.56,Train
2014-01-01,note_20,RM20,20,1820.8,91.03999999999999,Train
2014-02-01,note_20,RM20,20,1648.6,82.42999999999999,Train
2014-03-01,note_20,RM20,20,1598.1,79.905,Train
2014-04-01,note_20,RM20,20,1581.1,79.05499999999999,Train
2014-05-01,note_20,RM20,20,1572.9,78.64500000000001,Train
2014-06-01,note_20,RM20,20,1602.9,80.14500000000001,Train
2014-07-01,note_20,RM20,20,1738.0,86.9,Train
2014-08-01,note_20,RM20,20,1607.5,80.375,Train
2014-09-01,note_20,RM20,20,1563.7,78.185,Train
2014-10-01,note_20,RM20,20,1555.1,77.755,Train
2014-11-01,note_20,RM20,20,1567.6,78.38,Train
2014-12-01,note_20,RM20,20,1626.4,81.32000000000001,Train
2015-01-01,note_20,RM20,20,1754.3,87.715,Train
2015-02-01,note_20,RM20,20,1797.9,89.89500000000001,Train
2015-03-01,note_20,RM20,20,1687.8,84.39,Train
2015-04-01,note_20,RM20,20,1716.6,85.83,Train
2015-05-01,note_20,RM20,20,1666.3,83.315,Train
2015-06-01,note_20,RM20,20,1755.8,87.78999999999999,Train
2015-07-01,note_20,RM20,20,1771.7,88.58500000000001,Train
2015-08-01,note_20,RM20,20,1741.5,87.075,Train
2015-09-01,note_20,RM20,20,1723.8,86.19,Train
2015-10-01,note_20,RM20,20,1924.3,96.215,Train
2015-11-01,note_20,RM20,20,1983.5,99.175,Train
2015-12-01,note_20,RM20,20,2074.4,103.72,Train
2016-01-01,note_20,RM20,20,2286.3,114.31500000000001,Train
2016-02-01,note_20,RM20,20,2168.1,108.405,Train
2016-03-01,note_20,RM20,20,2080.3,104.01500000000001,Train
2016-04-01,note_20,RM20,20,2117.0,105.85,Train
2016-05-01,note_20,RM20,20,2125.5,106.275,Train
2016-06-01,note_20,RM20,20,2237.7,111.88499999999999,Train
2016-07-01,note_20,RM20,20,2176.6,108.83,Train
2016-08-01,note_20,RM20,20,2217.3,110.86500000000001,Train
2016-09-01,note_20,RM20,20,2279.8,113.99000000000001,Train
2016-10-01,note_20,RM20,20,2291.5,114.575,Train
2016-11-01,note_20,RM20,20,2287.3,114.36500000000001,Train
2016-12-01,note_20,RM20,20,2491.8,124.59,Train
2017-01-01,note_20,RM20,20,2715.8,135.79000000000002,Train
2017-02-01,note_20,RM20,20,2551.1,127.55499999999999,Train
2017-03-01,note_20,RM20,20,2545.2,127.25999999999999,Train
2017-04-01,note_20,RM20,20,2621.6,131.07999999999998,Train
2017-05-01,note_20,RM20,20,2638.8,131.94,Train
2017-06-01,note_20,RM20,20,2858.6,142.93,Train
2017-07-01,note_20,RM20,20,2681.5,134.075,Train
2017-08-01,note_20,RM20,20,2735.7,136.785,Train
2017-09-01,note_20,RM20,20,2671.0,133.55,Train
2017-10-01,note_20,RM20,20,2670.6,133.53,Train
2017-11-01,note_20,RM20,20,2745.2,137.26,Train
2017-12-01,note_20,RM20,20,2815.3,140.76500000000001,Train
2018-01-01,note_20,RM20,20,3106.9,155.345,Train
2018-02-01,note_20,RM20,20,3005.7,150.285,Train
2018-03-01,note_20,RM20,20,2877.0,143.85,Train
2018-04-01,note_20,RM20,20,2927.5,146.375,Train
2018-05-01,note_20,RM20,20,3051.0,152.55,Train
2018-06-01,note_20,RM20,20,3079.5,153.975,Train
2018-07-01,note_20,RM20,20,2893.5,144.675,Train
2018-08-01,note_20,RM20,20,2912.6,145.63,Train
2018-09-01,note_20,RM20,20,2863.6,143.18,Train
2018-10-01,note_20,RM20,20,2841.8,142.09,Train
2018-11-01,note_20,RM20,20,2853.8,142.69,Train
2018-12-01,note_20,RM20,20,2915.7,145.785,Train
2019-01-01,note_20,RM20,20,3191.2,159.56,Train
2019-02-01,note_20,RM20,20,3003.7,150.185,Train
2019-03-01,note_20,RM20,20,2964.8,148.24,Train
2019-04-01,note_20,RM20,20,3029.2,151.45999999999998,Train
2019-05-01,note_20,RM20,20,3347.7,167.385,Train
2019-06-01,note_20,RM20,20,3134.4,156.72,Train
2019-07-01,note_20,RM20,20,3040.0,152.0,Train
2019-08-01,note_20,RM20,20,3053.0,152.65,Train
2019-09-01,note_20,RM20,20,3029.9,151.495,Train
2019-10-01,note_20,RM20,20,3031.8,151.59,Train
2019-11-01,note_20,RM20,20,3035.1,151.755,Train
2019-12-01,note_20,RM20,20,3182.2,159.10999999999999,Train
2020-01-01,note_20,RM20,20,3357.2,167.85999999999999,Train
2020-02-01,note_20,RM20,20,3211.6,160.57999999999998,Train
2020-03-01,note_20,RM20,20,3288.7,164.435,Train
2020-04-01,note_20,RM20,20,3383.3,169.16500000000002,Train
2020-05-01,note_20,RM20,20,3578.9,178.945,Train
2020-06-01,note_20,RM20,20,3435.4,171.77,Train
2020-07-01,note_20,RM20,20,3477.3,173.865,Train
2020-08-01,note_20,RM20,20,3460.5,173.025,Train
2020-09-01,note_20,RM20,20,3410.5,170.525,Train
2020-10-01,note_20,RM20,20,3465.3,173.26500000000001,Train
2020-11-01,note_20,RM20,20,3430.1,171.505,Train
2020-12-01,note_20,RM20,20,3506.1364,175.30682,Train
2021-01-01,note_20,RM20,20,3765.2142,188.26071,Train
2021-02-01,note_20,RM20,20,3795.36636,189.768318,Test
2021-03-01,note_20,RM20,20,3764.46093,188.2230465,Test
2021-04-01,note_20,RM20,20,3928.7007,196.435035,Test
2021-05-01,note_20,RM20,20,3909.10911,195.4554555,Test
2021-06-01,note_20,RM20,20,3739.73201,186.9866005,Test
2021-07-01,note_20,RM20,20,3756.17817,187.8089085,Test
2021-08-01,note_20,RM20,20,3761.69222,188.084611,Test
2021-09-01,note_20,RM20,20,3777.97089,188.8985445,Test
2021-10-01,note_20,RM20,20,3842.17164,192.108582,Test
2021-11-01,note_20,RM20,20,3854.75403,192.73770150000001,Test
2021-12-01,note_20,RM20,20,3948.75171,197.4375855,Test
2022-01-01,note_20,RM20,20,4161.67144,208.083572,Test
2022-02-01,note_20,RM20,20,3979.95635,198.9978175,Test
2022-03-01,note_20,RM20,20,3955.56584,197.77829200000002,Test
2022-04-01,note_20,RM20,20,4346.10289,217.3051445,Test
2022-05-01,note_20,RM20,20,4212.00448,210.60022399999997,Test
2022-06-01,note_20,RM20,20,4064.03972,203.201986,Test
2022-07-01,note_20,RM20,20,3992.5679,199.628395,Test
2022-08-01,note_20,RM20,20,3937.19959,196.8599795,Test
2022-09-01,note_20,RM20,20,3872.64855,193.6324275,Test
2022-10-01,note_20,RM20,20,3853.13291,192.6566455,Test
2022-11-01,note_20,RM20,20,3801.69097,190.0845485,Test
2022-12-01,note_20,RM20,20,3938.52526,196.926263,Test
2023-01-01,note_20,RM20,20,4108.11204,205.405602,Test
2023-02-01,note_20,RM20,20,3883.90496,194.195248,Test
2023-03-01,note_20,RM20,20,3952.74668,197.637334,Test
2023-04-01,note_20,RM20,20,4151.24711,207.56235550000002,Test
2023-05-01,note_20,RM20,20,3901.84747,195.0923735,Test
2023-06-01,note_20,RM20,20,3863.2806,193.16403,Test
2023-07-01,note_20,RM20,20,3800.28187,190.0140935,Test
2023-08-01,note_20,RM20,20,3768.30614,188.415307,Test
2023-09-01,note_20,RM20,20,3802.20631,190.1103155,Test
2023-10-01,note_20,RM20,20,3807.21869,190.3609345,Test
2023-11-01,note_20,RM20,20,3812.03863,190.6019315,Test
2023-12-01,note_20,RM20,20,3960.22291,198.0111455,Test
2024-01-01,note_20,RM20,20,4126.80526,206.340263,Test
2024-02-01,note_20,RM20,20,4076.71577,203.83578849999998,Test
2024-03-01,note_20,RM20,20,4280.04983,214.0024915,Test
2024-04-01,note_20,RM20,20,4271.6776,213.58388,Test
2024-05-01,note_20,RM20,20,4149.07097,207.45354849999998,Test
2024-06-01,note_20,RM20,20,4166.23755,208.31187749999998,Test
2024-07-01,note_20,RM20,20,4126.42479,206.3212395,Test
2024-08-01,note_20,RM20,20,4125.40543,206.27027149999998,Test
2024-09-01,note_20,RM20,20,4156.90125,207.84506249999998,Test
2024-10-01,note_20,RM20,20,4127.3909,206.36954500000002,Test
2024-11-01,note_20,RM20,20,4149.79859,207.48992950000002,Test
2024-12-01,note_20,RM20,20,4363.73578,218.186789,Test
2025-01-01,note_20,RM20,20,4704.26146,235.21307299999998,Test
2025-02-01,note_20,RM20,20,4641.06973,232.05348650000002,Test
2025-03-01,note_20,RM20,20,4889.31201,244.4656005,Test
2025-04-01,note_20,RM20,20,4680.79038,234.039519,Test
2025-05-01,note_20,RM20,20,4540.1281,227.006405,Test
2025-06-01,note_20,RM20,20,4458.61571,222.9307855,Test
2025-07-01,note_20,RM20,20,4411.28766,220.564383,Test
2025-08-01,note_20,RM20,20,4405.73977,220.2869885,Test
2025-09-01,note_20,RM20,20,4386.14733,219.3073665,Test
2025-10-01,note_20,RM20,20,4440.66839,222.03341949999998,Test
2025-11-01,note_20,RM20,20,4444.81738,222.24086900000003,Test
2025-12-01,note_20,RM20,20,4633.77883,231.6889415,Test
2026-01-01,note_20,RM20,20,4865.7854,243.28927,Test
2026-02-01,note_20,RM20,20,5047.2573,252.362865,Test
2001-01-01,note_50,RM50,50,12799.5,255.99,Train
2001-02-01,note_50,RM50,50,10899.3,217.986,Train
2001-03-01,note_50,RM50,50,10925.1,218.502,Train
2001-04-01,note_50,RM50,50,10939.9,218.798,Train
2001-05-01,note_50,RM50,50,11104.5,222.09,Train
2001-06-01,note_50,RM50,50,10887.5,217.75,Train
2001-07-01,note_50,RM50,50,10881.0,217.62,Train
2001-08-01,note_50,RM50,50,11440.1,228.80200000000002,Train
2001-09-01,note_50,RM50,50,11333.4,226.668,Train
2001-10-01,note_50,RM50,50,11322.8,226.456,Train
2001-11-01,note_50,RM50,50,11785.9,235.718,Train
2001-12-01,note_50,RM50,50,12262.0,245.24,Train
2002-01-01,note_50,RM50,50,13069.4,261.388,Train
2002-02-01,note_50,RM50,50,12601.8,252.03599999999997,Train
2002-03-01,note_50,RM50,50,12288.1,245.762,Train
2002-04-01,note_50,RM50,50,12302.6,246.05200000000002,Train
2002-05-01,note_50,RM50,50,12731.7,254.63400000000001,Train
2002-06-01,note_50,RM50,50,12283.8,245.676,Train
2002-07-01,note_50,RM50,50,12123.6,242.472,Train
2002-08-01,note_50,RM50,50,12350.8,247.016,Train
2002-09-01,note_50,RM50,50,12288.0,245.76,Train
2002-10-01,note_50,RM50,50,12519.0,250.38,Train
2002-11-01,note_50,RM50,50,13504.5,270.09,Train
2002-12-01,note_50,RM50,50,13328.2,266.564,Train
2003-01-01,note_50,RM50,50,15930.0,318.6,Train
2003-02-01,note_50,RM50,50,13048.9,260.978,Train
2003-03-01,note_50,RM50,50,13307.8,266.156,Train
2003-04-01,note_50,RM50,50,13235.7,264.714,Train
2003-05-01,note_50,RM50,50,13569.5,271.39,Train
2003-06-01,note_50,RM50,50,13433.3,268.666,Train
2003-07-01,note_50,RM50,50,13326.7,266.534,Train
2003-08-01,note_50,RM50,50,13881.8,277.63599999999997,Train
2003-09-01,note_50,RM50,50,13739.7,274.79400000000004,Train
2003-10-01,note_50,RM50,50,13855.8,277.116,Train
2003-11-01,note_50,RM50,50,15813.4,316.268,Train
2003-12-01,note_50,RM50,50,14665.3,293.306,Train
2004-01-01,note_50,RM50,50,16566.9,331.338,Train
2004-02-01,note_50,RM50,50,14988.2,299.764,Train
2004-03-01,note_50,RM50,50,15045.3,300.906,Train
2004-04-01,note_50,RM50,50,15693.7,313.874,Train
2004-05-01,note_50,RM50,50,15406.2,308.124,Train
2004-06-01,note_50,RM50,50,14923.9,298.478,Train
2004-07-01,note_50,RM50,50,15134.4,302.688,Train
2004-08-01,note_50,RM50,50,15521.7,310.434,Train
2004-09-01,note_50,RM50,50,15177.2,303.54400000000004,Train
2004-10-01,note_50,RM50,50,16505.7,330.11400000000003,Train
2004-11-01,note_50,RM50,50,15465.5,309.31,Train
2004-12-01,note_50,RM50,50,16569.9,331.398,Train
2005-01-01,note_50,RM50,50,18012.6,360.25199999999995,Train
2005-02-01,note_50,RM50,50,17269.7,345.394,Train
2005-03-01,note_50,RM50,50,16451.0,329.02,Train
2005-04-01,note_50,RM50,50,16890.0,337.8,Train
2005-05-01,note_50,RM50,50,16642.4,332.848,Train
2005-06-01,note_50,RM50,50,16270.7,325.414,Train
2005-07-01,note_50,RM50,50,16703.7,334.074,Train
2005-08-01,note_50,RM50,50,17082.6,341.652,Train
2005-09-01,note_50,RM50,50,16849.6,336.99199999999996,Train
2005-10-01,note_50,RM50,50,20587.2,411.744,Train
2005-11-01,note_50,RM50,50,17168.1,343.36199999999997,Train
2005-12-01,note_50,RM50,50,18152.8,363.056,Train
2006-01-01,note_50,RM50,50,21756.4,435.12800000000004,Train
2006-02-01,note_50,RM50,50,18196.6,363.93199999999996,Train
2006-03-01,note_50,RM50,50,18037.6,360.75199999999995,Train
2006-04-01,note_50,RM50,50,18461.5,369.23,Train
2006-05-01,note_50,RM50,50,17978.9,359.57800000000003,Train
2006-06-01,note_50,RM50,50,18256.5,365.13,Train
2006-07-01,note_50,RM50,50,18676.2,373.524,Train
2006-08-01,note_50,RM50,50,18804.5,376.09,Train
2006-09-01,note_50,RM50,50,18808.8,376.176,Train
2006-10-01,note_50,RM50,50,20194.3,403.88599999999997,Train
2006-11-01,note_50,RM50,50,18462.8,369.256,Train
2006-12-01,note_50,RM50,50,20516.3,410.32599999999996,Train
2007-01-01,note_50,RM50,50,20329.0,406.58,Train
2007-02-01,note_50,RM50,50,21111.8,422.236,Train
2007-03-01,note_50,RM50,50,20128.7,402.574,Train
2007-04-01,note_50,RM50,50,21309.1,426.18199999999996,Train
2007-05-01,note_50,RM50,50,19993.6,399.87199999999996,Train
2007-06-01,note_50,RM50,50,20474.6,409.49199999999996,Train
2007-07-01,note_50,RM50,50,20739.4,414.788,Train
2007-08-01,note_50,RM50,50,22074.1,441.48199999999997,Train
2007-09-01,note_50,RM50,50,22827.2,456.54400000000004,Train
2007-10-01,note_50,RM50,50,21019.4,420.38800000000003,Train
2007-11-01,note_50,RM50,50,21944.0,438.88,Train
2007-12-01,note_50,RM50,50,23267.2,465.344,Train
2008-01-01,note_50,RM50,50,25755.4,515.1080000000001,Train
2008-02-01,note_50,RM50,50,24868.1,497.36199999999997,Train
2008-03-01,note_50,RM50,50,24185.5,483.71,Train
2008-04-01,note_50,RM50,50,23633.9,472.67800000000005,Train
2008-05-01,note_50,RM50,50,24128.8,482.57599999999996,Train
2008-06-01,note_50,RM50,50,24509.7,490.194,Train
2008-07-01,note_50,RM50,50,24022.0,480.44,Train
2008-08-01,note_50,RM50,50,26185.3,523.706,Train
2008-09-01,note_50,RM50,50,29429.3,588.586,Train
2008-10-01,note_50,RM50,50,25361.7,507.23400000000004,Train
2008-11-01,note_50,RM50,50,25520.9,510.418,Train
2008-12-01,note_50,RM50,50,26711.1,534.222,Train
2009-01-01,note_50,RM50,50,29722.5,594.45,Train
2009-02-01,note_50,RM50,50,26101.0,522.02,Train
2009-03-01,note_50,RM50,50,25789.9,515.798,Train
2009-04-01,note_50,RM50,50,25909.2,518.184,Train
2009-05-01,note_50,RM50,50,26291.7,525.8340000000001,Train
2009-06-01,note_50,RM50,50,25992.5,519.85,Train
2009-07-01,note_50,RM50,50,26325.2,526.504,Train
2009-08-01,note_50,RM50,50,28064.8,561.2959999999999,Train
2009-09-01,note_50,RM50,50,27208.5,544.17,Train
2009-10-01,note_50,RM50,50,26610.2,532.2040000000001,Train
2009-11-01,note_50,RM50,50,28184.3,563.686,Train
2009-12-01,note_50,RM50,50,28598.5,571.97,Train
2010-01-01,note_50,RM50,50,30011.1,600.222,Train
2010-02-01,note_50,RM50,50,30328.5,606.57,Train
2010-03-01,note_50,RM50,50,28814.8,576.2959999999999,Train
2010-04-01,note_50,RM50,50,29126.1,582.5219999999999,Train
2010-05-01,note_50,RM50,50,30284.0,605.68,Train
2010-06-01,note_50,RM50,50,28913.9,578.278,Train
2010-07-01,note_50,RM50,50,29369.9,587.398,Train
2010-08-01,note_50,RM50,50,32248.0,644.96,Train
2010-09-01,note_50,RM50,50,29369.1,587.382,Train
2010-10-01,note_50,RM50,50,30714.6,614.2919999999999,Train
2010-11-01,note_50,RM50,50,29873.5,597.47,Train
2010-12-01,note_50,RM50,50,32308.2,646.164,Train
2011-01-01,note_50,RM50,50,36921.4,738.428,Train
2011-02-01,note_50,RM50,50,32814.9,656.298,Train
2011-03-01,note_50,RM50,50,31293.4,625.868,Train
2011-04-01,note_50,RM50,50,33031.2,660.6239999999999,Train
2011-05-01,note_50,RM50,50,32747.5,654.95,Train
2011-06-01,note_50,RM50,50,32051.6,641.0319999999999,Train
2011-07-01,note_50,RM50,50,33761.5,675.23,Train
2011-08-01,note_50,RM50,50,39001.6,780.0319999999999,Train
2011-09-01,note_50,RM50,50,33598.2,671.9639999999999,Train
2011-10-01,note_50,RM50,50,33983.1,679.6619999999999,Train
2011-11-01,note_50,RM50,50,33799.8,675.9960000000001,Train
2011-12-01,note_50,RM50,50,35704.3,714.086,Train
2012-01-01,note_50,RM50,50,37923.1,758.462,Train
2012-02-01,note_50,RM50,50,34096.2,681.924,Train
2012-03-01,note_50,RM50,50,34454.1,689.082,Train
2012-04-01,note_50,RM50,50,36070.6,721.4119999999999,Train
2012-05-01,note_50,RM50,50,35438.7,708.7739999999999,Train
2012-06-01,note_50,RM50,50,36220.4,724.408,Train
2012-07-01,note_50,RM50,50,36265.6,725.312,Train
2012-08-01,note_50,RM50,50,36754.3,735.086,Train
2012-09-01,note_50,RM50,50,35772.6,715.452,Train
2012-10-01,note_50,RM50,50,35460.6,709.212,Train
2012-11-01,note_50,RM50,50,35621.7,712.434,Train
2012-12-01,note_50,RM50,50,37659.4,753.188,Train
2013-01-01,note_50,RM50,50,38336.3,766.7260000000001,Train
2013-02-01,note_50,RM50,50,36121.1,722.422,Train
2013-03-01,note_50,RM50,50,35587.8,711.7560000000001,Train
2013-04-01,note_50,RM50,50,35487.9,709.758,Train
2013-05-01,note_50,RM50,50,35086.3,701.7260000000001,Train
2013-06-01,note_50,RM50,50,34581.7,691.6339999999999,Train
2013-07-01,note_50,RM50,50,35665.1,713.302,Train
2013-08-01,note_50,RM50,50,34223.4,684.4680000000001,Train
2013-09-01,note_50,RM50,50,34184.9,683.698,Train
2013-10-01,note_50,RM50,50,33073.9,661.4780000000001,Train
2013-11-01,note_50,RM50,50,34236.6,684.732,Train
2013-12-01,note_50,RM50,50,35277.0,705.54,Train
2014-01-01,note_50,RM50,50,39756.5,795.13,Train
2014-02-01,note_50,RM50,50,36246.6,724.932,Train
2014-03-01,note_50,RM50,50,35770.9,715.418,Train
2014-04-01,note_50,RM50,50,35189.7,703.794,Train
2014-05-01,note_50,RM50,50,35222.8,704.456,Train
2014-06-01,note_50,RM50,50,35439.2,708.784,Train
2014-07-01,note_50,RM50,50,37542.8,750.8560000000001,Train
2014-08-01,note_50,RM50,50,35412.5,708.25,Train
2014-09-01,note_50,RM50,50,34701.1,694.0219999999999,Train
2014-10-01,note_50,RM50,50,34414.9,688.298,Train
2014-11-01,note_50,RM50,50,35248.0,704.96,Train
2014-12-01,note_50,RM50,50,36376.0,727.52,Train
2015-01-01,note_50,RM50,50,38265.6,765.312,Train
2015-02-01,note_50,RM50,50,39015.1,780.302,Train
2015-03-01,note_50,RM50,50,37252.6,745.052,Train
2015-04-01,note_50,RM50,50,38311.2,766.2239999999999,Train
2015-05-01,note_50,RM50,50,37722.8,754.456,Train
2015-06-01,note_50,RM50,50,38273.8,765.4760000000001,Train
2015-07-01,note_50,RM50,50,38047.6,760.952,Train
2015-08-01,note_50,RM50,50,38859.5,777.19,Train
2015-09-01,note_50,RM50,50,38698.1,773.962,Train
2015-10-01,note_50,RM50,50,38436.2,768.7239999999999,Train
2015-11-01,note_50,RM50,50,38978.8,779.576,Train
2015-12-01,note_50,RM50,50,40571.4,811.428,Train
2016-01-01,note_50,RM50,50,42341.0,846.82,Train
2016-02-01,note_50,RM50,50,40863.8,817.2760000000001,Train
2016-03-01,note_50,RM50,50,38990.2,779.804,Train
2016-04-01,note_50,RM50,50,39916.5,798.33,Train
2016-05-01,note_50,RM50,50,39991.0,799.82,Train
2016-06-01,note_50,RM50,50,41512.3,830.2460000000001,Train
2016-07-01,note_50,RM50,50,40287.3,805.7460000000001,Train
2016-08-01,note_50,RM50,50,40169.6,803.3919999999999,Train
2016-09-01,note_50,RM50,50,40646.8,812.936,Train
2016-10-01,note_50,RM50,50,40691.6,813.832,Train
2016-11-01,note_50,RM50,50,40522.0,810.44,Train
2016-12-01,note_50,RM50,50,43407.0,868.14,Train
2017-01-01,note_50,RM50,50,46895.8,937.916,Train
2017-02-01,note_50,RM50,50,43687.5,873.75,Train
2017-03-01,note_50,RM50,50,43415.0,868.3,Train
2017-04-01,note_50,RM50,50,43904.5,878.09,Train
2017-05-01,note_50,RM50,50,44026.2,880.5239999999999,Train
2017-06-01,note_50,RM50,50,46357.8,927.1560000000001,Train
2017-07-01,note_50,RM50,50,43294.7,865.8939999999999,Train
2017-08-01,note_50,RM50,50,45015.0,900.3,Train
2017-09-01,note_50,RM50,50,43671.6,873.432,Train
2017-10-01,note_50,RM50,50,43190.4,863.808,Train
2017-11-01,note_50,RM50,50,44225.1,884.502,Train
2017-12-01,note_50,RM50,50,44812.6,896.252,Train
2018-01-01,note_50,RM50,50,46555.9,931.118,Train
2018-02-01,note_50,RM50,50,46074.4,921.488,Train
2018-03-01,note_50,RM50,50,45209.3,904.186,Train
2018-04-01,note_50,RM50,50,45788.7,915.7739999999999,Train
2018-05-01,note_50,RM50,50,46796.7,935.934,Train
2018-06-01,note_50,RM50,50,46118.8,922.3760000000001,Train
2018-07-01,note_50,RM50,50,43809.9,876.198,Train
2018-08-01,note_50,RM50,50,44337.7,886.7539999999999,Train
2018-09-01,note_50,RM50,50,43638.1,872.762,Train
2018-10-01,note_50,RM50,50,43595.2,871.904,Train
2018-11-01,note_50,RM50,50,43751.9,875.038,Train
2018-12-01,note_50,RM50,50,45365.3,907.306,Train
2019-01-01,note_50,RM50,50,47723.1,954.462,Train
2019-02-01,note_50,RM50,50,45370.2,907.404,Train
2019-03-01,note_50,RM50,50,45124.3,902.4860000000001,Train
2019-04-01,note_50,RM50,50,45456.2,909.1239999999999,Train
2019-05-01,note_50,RM50,50,48147.6,962.952,Train
2019-06-01,note_50,RM50,50,45512.8,910.2560000000001,Train
2019-07-01,note_50,RM50,50,45268.8,905.3760000000001,Train
2019-08-01,note_50,RM50,50,45198.7,903.9739999999999,Train
2019-09-01,note_50,RM50,50,45076.1,901.5219999999999,Train
2019-10-01,note_50,RM50,50,45602.6,912.052,Train
2019-11-01,note_50,RM50,50,45724.8,914.4960000000001,Train
2019-12-01,note_50,RM50,50,47424.3,948.4860000000001,Train
2020-01-01,note_50,RM50,50,49179.5,983.59,Train
2020-02-01,note_50,RM50,50,46970.3,939.4060000000001,Train
2020-03-01,note_50,RM50,50,47937.4,958.748,Train
2020-04-01,note_50,RM50,50,50847.9,1016.9580000000001,Train
2020-05-01,note_50,RM50,50,54430.8,1088.616,Train
2020-06-01,note_50,RM50,50,52757.8,1055.156,Train
2020-07-01,note_50,RM50,50,54049.4,1080.988,Train
2020-08-01,note_50,RM50,50,53312.6,1066.252,Train
2020-09-01,note_50,RM50,50,52604.6,1052.0919999999999,Train
2020-10-01,note_50,RM50,50,53931.3,1078.626,Train
2020-11-01,note_50,RM50,50,54154.8,1083.096,Train
2020-12-01,note_50,RM50,50,56027.747425,1120.5549485000001,Train
2021-01-01,note_50,RM50,50,61017.682975,1220.3536595,Train
2021-02-01,note_50,RM50,50,62524.219875,1250.4843975000001,Test
2021-03-01,note_50,RM50,50,63501.245425,1270.0249085,Test
2021-04-01,note_50,RM50,50,65557.5046,1311.150092,Test
2021-05-01,note_50,RM50,50,66160.1593,1323.203186,Test
2021-06-01,note_50,RM50,50,65362.572,1307.25144,Test
2021-07-01,note_50,RM50,50,66535.27805,1330.7055609999998,Test
2021-08-01,note_50,RM50,50,67528.902925,1350.5780585,Test
2021-09-01,note_50,RM50,50,68567.81265,1371.3562530000002,Test
2021-10-01,note_50,RM50,50,69390.046025,1387.8009205,Test
2021-11-01,note_50,RM50,50,69055.268275,1381.1053654999998,Test
2021-12-01,note_50,RM50,50,70550.155125,1411.0031025,Test
2022-01-01,note_50,RM50,50,72883.797725,1457.6759545,Test
2022-02-01,note_50,RM50,50,70169.5812,1403.391624,Test
2022-03-01,note_50,RM50,50,69735.686725,1394.7137345,Test
2022-04-01,note_50,RM50,50,78008.8334,1560.176668,Test
2022-05-01,note_50,RM50,50,74151.031725,1483.0206345,Test
2022-06-01,note_50,RM50,50,72526.793825,1450.5358765,Test
2022-07-01,note_50,RM50,50,71209.298925,1424.1859785,Test
2022-08-01,note_50,RM50,50,70650.00215,1413.000043,Test
2022-09-01,note_50,RM50,50,69954.733025,1399.0946605,Test
2022-10-01,note_50,RM50,50,69939.5144,1398.790288,Test
2022-11-01,note_50,RM50,50,69677.643325,1393.5528665,Test
2022-12-01,note_50,RM50,50,71074.59975,1421.4919949999999,Test
2023-01-01,note_50,RM50,50,72679.8847,1453.5976939999998,Test
2023-02-01,note_50,RM50,50,68584.9783,1371.699566,Test
2023-03-01,note_50,RM50,50,69031.57565,1380.631513,Test
2023-04-01,note_50,RM50,50,71599.928525,1431.9985705,Test
2023-05-01,note_50,RM50,50,67469.1893,1349.3837859999999,Test
2023-06-01,note_50,RM50,50,67954.151275,1359.0830254999998,Test
2023-07-01,note_50,RM50,50,66806.8621,1336.137242,Test
2023-08-01,note_50,RM50,50,66476.65415,1329.533083,Test
2023-09-01,note_50,RM50,50,66598.600825,1331.9720165,Test
2023-10-01,note_50,RM50,50,66344.389775,1326.8877955,Test
2023-11-01,note_50,RM50,50,66189.390775,1323.7878155,Test
2023-12-01,note_50,RM50,50,67668.02185,1353.360437,Test
2024-01-01,note_50,RM50,50,69037.047,1380.7409400000001,Test
2024-02-01,note_50,RM50,50,69442.71655,1388.854331,Test
2024-03-01,note_50,RM50,50,69586.5102,1391.7302040000002,Test
2024-04-01,note_50,RM50,50,68237.70795,1364.7541589999998,Test
2024-05-01,note_50,RM50,50,67839.466475,1356.7893295,Test
2024-06-01,note_50,RM50,50,68208.4802,1364.1696040000002,Test
2024-07-01,note_50,RM50,50,67303.8575,1346.07715,Test
2024-08-01,note_50,RM50,50,67374.776325,1347.4955264999999,Test
2024-09-01,note_50,RM50,50,67275.8098,1345.516196,Test
2024-10-01,note_50,RM50,50,66997.834175,1339.9566834999998,Test
2024-11-01,note_50,RM50,50,66858.54425,1337.1708850000002,Test
2024-12-01,note_50,RM50,50,69193.5498,1383.8709959999999,Test
2025-01-01,note_50,RM50,50,72501.209875,1450.0241975,Test
2025-02-01,note_50,RM50,50,69872.399175,1397.4479835,Test
2025-03-01,note_50,RM50,50,71673.508125,1433.4701624999998,Test
2025-04-01,note_50,RM50,50,68913.75035,1378.275007,Test
2025-05-01,note_50,RM50,50,68174.5496,1363.490992,Test
2025-06-01,note_50,RM50,50,67291.029175,1345.8205835,Test
2025-07-01,note_50,RM50,50,67075.795925,1341.5159185,Test
2025-08-01,note_50,RM50,50,67461.628025,1349.2325604999999,Test
2025-09-01,note_50,RM50,50,67094.934575,1341.8986915,Test
2025-10-01,note_50,RM50,50,67957.8299,1359.156598,Test
2025-11-01,note_50,RM50,50,67407.160175,1348.1432035,Test
2025-12-01,note_50,RM50,50,69060.76385,1381.215277,Test
2026-01-01,note_50,RM50,50,70449.445525,1408.9889105,Test
2026-02-01,note_50,RM50,50,72273.7951,1445.4759020000001,Test
2001-01-01,note_100,RM100,100,8376.3,83.76299999999999,Train
2001-02-01,note_100,RM100,100,7557.5,75.575,Train
2001-03-01,note_100,RM100,100,7404.4,74.044,Train
2001-04-01,note_100,RM100,100,7402.8,74.028,Train
2001-05-01,note_100,RM100,100,7444.5,74.445,Train
2001-06-01,note_100,RM100,100,7307.8,73.078,Train
2001-07-01,note_100,RM100,100,7308.1,73.081,Train
2001-08-01,note_100,RM100,100,7460.3,74.60300000000001,Train
2001-09-01,note_100,RM100,100,7489.3,74.893,Train
2001-10-01,note_100,RM100,100,7402.0,74.02,Train
2001-11-01,note_100,RM100,100,7482.6,74.82600000000001,Train
2001-12-01,note_100,RM100,100,7618.4,76.184,Train
2002-01-01,note_100,RM100,100,8069.6,80.696,Train
2002-02-01,note_100,RM100,100,7979.5,79.795,Train
2002-03-01,note_100,RM100,100,7703.2,77.032,Train
2002-04-01,note_100,RM100,100,7741.1,77.411,Train
2002-05-01,note_100,RM100,100,7834.8,78.348,Train
2002-06-01,note_100,RM100,100,7748.4,77.484,Train
2002-07-01,note_100,RM100,100,7713.3,77.133,Train
2002-08-01,note_100,RM100,100,7724.4,77.244,Train
2002-09-01,note_100,RM100,100,7711.6,77.116,Train
2002-10-01,note_100,RM100,100,7739.3,77.393,Train
2002-11-01,note_100,RM100,100,8043.9,80.439,Train
2002-12-01,note_100,RM100,100,8143.8,81.438,Train
2003-01-01,note_100,RM100,100,9439.2,94.39200000000001,Train
2003-02-01,note_100,RM100,100,8367.1,83.671,Train
2003-03-01,note_100,RM100,100,8229.8,82.29799999999999,Train
2003-04-01,note_100,RM100,100,8193.8,81.93799999999999,Train
2003-05-01,note_100,RM100,100,8379.4,83.794,Train
2003-06-01,note_100,RM100,100,8310.6,83.10600000000001,Train
2003-07-01,note_100,RM100,100,8274.9,82.749,Train
2003-08-01,note_100,RM100,100,8397.0,83.97,Train
2003-09-01,note_100,RM100,100,8439.0,84.39,Train
2003-10-01,note_100,RM100,100,8494.8,84.948,Train
2003-11-01,note_100,RM100,100,8981.7,89.81700000000001,Train
2003-12-01,note_100,RM100,100,8854.9,88.54899999999999,Train
2004-01-01,note_100,RM100,100,9694.2,96.94200000000001,Train
2004-02-01,note_100,RM100,100,9154.3,91.54299999999999,Train
2004-03-01,note_100,RM100,100,9369.4,93.694,Train
2004-04-01,note_100,RM100,100,9339.4,93.39399999999999,Train
2004-05-01,note_100,RM100,100,9186.5,91.865,Train
2004-06-01,note_100,RM100,100,9092.7,90.927,Train
2004-07-01,note_100,RM100,100,9074.9,90.749,Train
2004-08-01,note_100,RM100,100,9226.2,92.262,Train
2004-09-01,note_100,RM100,100,9233.2,92.33200000000001,Train
2004-10-01,note_100,RM100,100,9498.9,94.98899999999999,Train
2004-11-01,note_100,RM100,100,9503.1,95.031,Train
2004-12-01,note_100,RM100,100,9605.3,96.053,Train
2005-01-01,note_100,RM100,100,10068.4,100.684,Train
2005-02-01,note_100,RM100,100,9771.9,97.719,Train
2005-03-01,note_100,RM100,100,9435.5,94.355,Train
2005-04-01,note_100,RM100,100,9449.5,94.495,Train
2005-05-01,note_100,RM100,100,9343.9,93.439,Train
2005-06-01,note_100,RM100,100,9259.0,92.59,Train
2005-07-01,note_100,RM100,100,9545.9,95.459,Train
2005-08-01,note_100,RM100,100,9642.1,96.421,Train
2005-09-01,note_100,RM100,100,9610.0,96.1,Train
2005-10-01,note_100,RM100,100,10304.4,103.044,Train
2005-11-01,note_100,RM100,100,9837.4,98.374,Train
2005-12-01,note_100,RM100,100,10102.0,101.02,Train
2006-01-01,note_100,RM100,100,11618.2,116.182,Train
2006-02-01,note_100,RM100,100,10491.6,104.916,Train
2006-03-01,note_100,RM100,100,10280.2,102.802,Train
2006-04-01,note_100,RM100,100,10420.2,104.20200000000001,Train
2006-05-01,note_100,RM100,100,10414.6,104.146,Train
2006-06-01,note_100,RM100,100,10384.4,103.844,Train
2006-07-01,note_100,RM100,100,10450.7,104.507,Train
2006-08-01,note_100,RM100,100,10513.3,105.133,Train
2006-09-01,note_100,RM100,100,10439.0,104.39,Train
2006-10-01,note_100,RM100,100,10873.2,108.73200000000001,Train
2006-11-01,note_100,RM100,100,10557.1,105.571,Train
2006-12-01,note_100,RM100,100,10871.9,108.719,Train
2007-01-01,note_100,RM100,100,11122.6,111.226,Train
2007-02-01,note_100,RM100,100,11518.3,115.18299999999999,Train
2007-03-01,note_100,RM100,100,10996.8,109.96799999999999,Train
2007-04-01,note_100,RM100,100,11079.6,110.796,Train
2007-05-01,note_100,RM100,100,10908.8,109.088,Train
2007-06-01,note_100,RM100,100,10913.7,109.137,Train
2007-07-01,note_100,RM100,100,11048.6,110.486,Train
2007-08-01,note_100,RM100,100,11296.0,112.96,Train
2007-09-01,note_100,RM100,100,11468.6,114.686,Train
2007-10-01,note_100,RM100,100,11327.2,113.272,Train
2007-11-01,note_100,RM100,100,11556.3,115.56299999999999,Train
2007-12-01,note_100,RM100,100,11808.3,118.083,Train
2008-01-01,note_100,RM100,100,12894.0,128.94,Train
2008-02-01,note_100,RM100,100,13011.4,130.114,Train
2008-03-01,note_100,RM100,100,12927.6,129.276,Train
2008-04-01,note_100,RM100,100,12698.0,126.98,Train
2008-05-01,note_100,RM100,100,12858.0,128.58,Train
2008-06-01,note_100,RM100,100,12923.2,129.232,Train
2008-07-01,note_100,RM100,100,12840.5,128.405,Train
2008-08-01,note_100,RM100,100,13095.0,130.95,Train
2008-09-01,note_100,RM100,100,13892.7,138.92700000000002,Train
2008-10-01,note_100,RM100,100,13302.1,133.02100000000002,Train
2008-11-01,note_100,RM100,100,13176.0,131.76,Train
2008-12-01,note_100,RM100,100,13626.7,136.267,Train
2009-01-01,note_100,RM100,100,14542.8,145.428,Train
2009-02-01,note_100,RM100,100,13789.9,137.899,Train
2009-03-01,note_100,RM100,100,13696.3,136.963,Train
2009-04-01,note_100,RM100,100,13772.3,137.72299999999998,Train
2009-05-01,note_100,RM100,100,13805.5,138.055,Train
2009-06-01,note_100,RM100,100,13861.1,138.611,Train
2009-07-01,note_100,RM100,100,13870.2,138.702,Train
2009-08-01,note_100,RM100,100,14051.3,140.513,Train
2009-09-01,note_100,RM100,100,14078.5,140.785,Train
2009-10-01,note_100,RM100,100,13841.1,138.411,Train
2009-11-01,note_100,RM100,100,14175.7,141.757,Train
2009-12-01,note_100,RM100,100,14409.6,144.096,Train
2010-01-01,note_100,RM100,100,15098.5,150.985,Train
2010-02-01,note_100,RM100,100,15393.8,153.938,Train
2010-03-01,note_100,RM100,100,14504.8,145.048,Train
2010-04-01,note_100,RM100,100,14234.6,142.346,Train
2010-05-01,note_100,RM100,100,14279.1,142.791,Train
2010-06-01,note_100,RM100,100,13909.7,139.097,Train
2010-07-01,note_100,RM100,100,13835.7,138.357,Train
2010-08-01,note_100,RM100,100,14296.9,142.969,Train
2010-09-01,note_100,RM100,100,14118.5,141.185,Train
2010-10-01,note_100,RM100,100,14251.7,142.517,Train
2010-11-01,note_100,RM100,100,14305.8,143.058,Train
2010-12-01,note_100,RM100,100,14655.6,146.556,Train
2011-01-01,note_100,RM100,100,16494.4,164.94400000000002,Train
2011-02-01,note_100,RM100,100,15538.0,155.38,Train
2011-03-01,note_100,RM100,100,15345.2,153.452,Train
2011-04-01,note_100,RM100,100,15605.8,156.058,Train
2011-05-01,note_100,RM100,100,15514.2,155.142,Train
2011-06-01,note_100,RM100,100,15537.0,155.37,Train
2011-07-01,note_100,RM100,100,15756.3,157.563,Train
2011-08-01,note_100,RM100,100,16808.6,168.08599999999998,Train
2011-09-01,note_100,RM100,100,15905.8,159.058,Train
2011-10-01,note_100,RM100,100,16014.4,160.144,Train
2011-11-01,note_100,RM100,100,16144.9,161.44899999999998,Train
2011-12-01,note_100,RM100,100,16511.8,165.118,Train
2012-01-01,note_100,RM100,100,17909.3,179.093,Train
2012-02-01,note_100,RM100,100,17168.6,171.68599999999998,Train
2012-03-01,note_100,RM100,100,17140.7,171.407,Train
2012-04-01,note_100,RM100,100,17170.9,171.709,Train
2012-05-01,note_100,RM100,100,17266.4,172.66400000000002,Train
2012-06-01,note_100,RM100,100,17312.5,173.125,Train
2012-07-01,note_100,RM100,100,17708.4,177.084,Train
2012-08-01,note_100,RM100,100,17848.1,178.481,Train
2012-09-01,note_100,RM100,100,17563.7,175.637,Train
2012-10-01,note_100,RM100,100,17589.9,175.899,Train
2012-11-01,note_100,RM100,100,17647.4,176.47400000000002,Train
2012-12-01,note_100,RM100,100,18506.0,185.06,Train
2013-01-01,note_100,RM100,100,21658.1,216.581,Train
2013-02-01,note_100,RM100,100,22395.6,223.956,Train
2013-03-01,note_100,RM100,100,22680.4,226.804,Train
2013-04-01,note_100,RM100,100,23341.2,233.412,Train
2013-05-01,note_100,RM100,100,23392.6,233.926,Train
2013-06-01,note_100,RM100,100,23521.8,235.218,Train
2013-07-01,note_100,RM100,100,24315.9,243.15900000000002,Train
2013-08-01,note_100,RM100,100,24472.6,244.726,Train
2013-09-01,note_100,RM100,100,24414.9,244.149,Train
2013-10-01,note_100,RM100,100,24341.2,243.412,Train
2013-11-01,note_100,RM100,100,24853.8,248.53799999999998,Train
2013-12-01,note_100,RM100,100,25742.1,257.421,Train
2014-01-01,note_100,RM100,100,28510.7,285.107,Train
2014-02-01,note_100,RM100,100,27302.2,273.022,Train
2014-03-01,note_100,RM100,100,27260.1,272.601,Train
2014-04-01,note_100,RM100,100,27178.7,271.78700000000003,Train
2014-05-01,note_100,RM100,100,27199.1,271.991,Train
2014-06-01,note_100,RM100,100,27255.2,272.552,Train
2014-07-01,note_100,RM100,100,28353.3,283.533,Train
2014-08-01,note_100,RM100,100,27583.7,275.837,Train
2014-09-01,note_100,RM100,100,27447.2,274.472,Train
2014-10-01,note_100,RM100,100,27586.7,275.867,Train
2014-11-01,note_100,RM100,100,28117.4,281.17400000000004,Train
2014-12-01,note_100,RM100,100,29003.1,290.031,Train
2015-01-01,note_100,RM100,100,31038.3,310.383,Train
2015-02-01,note_100,RM100,100,31502.7,315.027,Train
2015-03-01,note_100,RM100,100,30791.2,307.91200000000003,Train
2015-04-01,note_100,RM100,100,31194.9,311.949,Train
2015-05-01,note_100,RM100,100,31024.7,310.247,Train
2015-06-01,note_100,RM100,100,31671.4,316.714,Train
2015-07-01,note_100,RM100,100,31613.1,316.131,Train
2015-08-01,note_100,RM100,100,32274.5,322.745,Train
2015-09-01,note_100,RM100,100,32476.5,324.765,Train
2015-10-01,note_100,RM100,100,32765.4,327.654,Train
2015-11-01,note_100,RM100,100,33144.3,331.44300000000004,Train
2015-12-01,note_100,RM100,100,33810.5,338.105,Train
2016-01-01,note_100,RM100,100,35625.1,356.251,Train
2016-02-01,note_100,RM100,100,35136.5,351.365,Train
2016-03-01,note_100,RM100,100,34607.6,346.07599999999996,Train
2016-04-01,note_100,RM100,100,35016.3,350.163,Train
2016-05-01,note_100,RM100,100,35255.9,352.559,Train
2016-06-01,note_100,RM100,100,36559.2,365.592,Train
2016-07-01,note_100,RM100,100,35813.7,358.13699999999994,Train
2016-08-01,note_100,RM100,100,36068.1,360.681,Train
2016-09-01,note_100,RM100,100,36815.7,368.157,Train
2016-10-01,note_100,RM100,100,37137.8,371.37800000000004,Train
2016-11-01,note_100,RM100,100,37692.2,376.92199999999997,Train
2016-12-01,note_100,RM100,100,39163.9,391.639,Train
2017-01-01,note_100,RM100,100,41773.4,417.73400000000004,Train
2017-02-01,note_100,RM100,100,40223.3,402.233,Train
2017-03-01,note_100,RM100,100,40372.9,403.72900000000004,Train
2017-04-01,note_100,RM100,100,40656.0,406.56,Train
2017-05-01,note_100,RM100,100,40568.7,405.68699999999995,Train
2017-06-01,note_100,RM100,100,41867.4,418.67400000000004,Train
2017-07-01,note_100,RM100,100,41224.2,412.24199999999996,Train
2017-08-01,note_100,RM100,100,42262.4,422.624,Train
2017-09-01,note_100,RM100,100,41651.3,416.51300000000003,Train
2017-10-01,note_100,RM100,100,41751.2,417.51199999999994,Train
2017-11-01,note_100,RM100,100,42412.9,424.129,Train
2017-12-01,note_100,RM100,100,43075.9,430.759,Train
2018-01-01,note_100,RM100,100,44642.1,446.421,Train
2018-02-01,note_100,RM100,100,44782.5,447.825,Train
2018-03-01,note_100,RM100,100,44576.2,445.76199999999994,Train
2018-04-01,note_100,RM100,100,45927.8,459.278,Train
2018-05-01,note_100,RM100,100,46678.8,466.788,Train
2018-06-01,note_100,RM100,100,45358.6,453.586,Train
2018-07-01,note_100,RM100,100,43894.9,438.949,Train
2018-08-01,note_100,RM100,100,44234.2,442.342,Train
2018-09-01,note_100,RM100,100,43617.2,436.17199999999997,Train
2018-10-01,note_100,RM100,100,43070.7,430.707,Train
2018-11-01,note_100,RM100,100,43561.2,435.61199999999997,Train
2018-12-01,note_100,RM100,100,44434.1,444.341,Train
2019-01-01,note_100,RM100,100,47418.1,474.181,Train
2019-02-01,note_100,RM100,100,45703.8,457.038,Train
2019-03-01,note_100,RM100,100,45354.1,453.541,Train
2019-04-01,note_100,RM100,100,45650.4,456.504,Train
2019-05-01,note_100,RM100,100,47399.0,473.99,Train
2019-06-01,note_100,RM100,100,46148.0,461.48,Train
2019-07-01,note_100,RM100,100,46071.1,460.711,Train
2019-08-01,note_100,RM100,100,46466.6,464.666,Train
2019-09-01,note_100,RM100,100,46515.9,465.159,Train
2019-10-01,note_100,RM100,100,46971.5,469.715,Train
2019-11-01,note_100,RM100,100,47386.8,473.86800000000005,Train
2019-12-01,note_100,RM100,100,48544.3,485.44300000000004,Train
2020-01-01,note_100,RM100,100,50100.2,501.00199999999995,Train
2020-02-01,note_100,RM100,100,48775.0,487.75,Train
2020-03-01,note_100,RM100,100,49771.5,497.715,Train
2020-04-01,note_100,RM100,100,51188.0,511.88,Train
2020-05-01,note_100,RM100,100,53214.4,532.144,Train
2020-06-01,note_100,RM100,100,52951.6,529.516,Train
2020-07-01,note_100,RM100,100,54131.4,541.314,Train
2020-08-01,note_100,RM100,100,54378.3,543.783,Train
2020-09-01,note_100,RM100,100,54875.6,548.756,Train
2020-10-01,note_100,RM100,100,55250.2,552.502,Train
2020-11-01,note_100,RM100,100,55077.8,550.778,Train
2020-12-01,note_100,RM100,100,55421.100725,554.21100725,Train
2021-01-01,note_100,RM100,100,56100.968375,561.00968375,Train
2021-02-01,note_100,RM100,100,56190.577925,561.90577925,Test
2021-03-01,note_100,RM100,100,55789.976975,557.89976975,Test
2021-04-01,note_100,RM100,100,55874.937075,558.74937075,Test
2021-05-01,note_100,RM100,100,55675.315575,556.75315575,Test
2021-06-01,note_100,RM100,100,55341.083625,553.41083625,Test
2021-07-01,note_100,RM100,100,55600.351725,556.00351725,Test
2021-08-01,note_100,RM100,100,56064.855175,560.64855175,Test
2021-09-01,note_100,RM100,100,56465.700525,564.65700525,Test
2021-10-01,note_100,RM100,100,57186.186925,571.86186925,Test
2021-11-01,note_100,RM100,100,57619.349325,576.1934932500001,Test
2021-12-01,note_100,RM100,100,58697.027275,586.97027275,Test
2022-01-01,note_100,RM100,100,60914.775025,609.1477502500001,Test
2022-02-01,note_100,RM100,100,60567.783875,605.67783875,Test
2022-03-01,note_100,RM100,100,60746.97405,607.4697405,Test
2022-04-01,note_100,RM100,100,64286.8422,642.868422,Test
2022-05-01,note_100,RM100,100,63977.48115,639.7748114999999,Test
2022-06-01,note_100,RM100,100,64448.42875,644.4842874999999,Test
2022-07-01,note_100,RM100,100,64707.64125,647.0764125000001,Test
2022-08-01,note_100,RM100,100,65214.6334,652.146334,Test
2022-09-01,note_100,RM100,100,65663.0437,656.6304369999999,Test
2022-10-01,note_100,RM100,100,66833.00835,668.3300835,Test
2022-11-01,note_100,RM100,100,67909.9995,679.099995,Test
2022-12-01,note_100,RM100,100,68864.2238,688.642238,Test
2023-01-01,note_100,RM100,100,70600.14335,706.0014335,Test
2023-02-01,note_100,RM100,100,68820.3338,688.2033379999999,Test
2023-03-01,note_100,RM100,100,68965.4881,689.654881,Test
2023-04-01,note_100,RM100,100,70125.69335,701.2569335000001,Test
2023-05-01,note_100,RM100,100,69001.82625,690.0182625,Test
2023-06-01,note_100,RM100,100,69827.05075,698.2705074999999,Test
2023-07-01,note_100,RM100,100,69755.6866,697.556866,Test
2023-08-01,note_100,RM100,100,70026.0441,700.260441,Test
2023-09-01,note_100,RM100,100,70231.32715,702.3132714999999,Test
2023-10-01,note_100,RM100,100,70589.81095,705.8981095,Test
2023-11-01,note_100,RM100,100,71187.89835,711.8789835,Test
2023-12-01,note_100,RM100,100,72345.3796,723.453796,Test
2024-01-01,note_100,RM100,100,74512.58595,745.1258594999999,Test
2024-02-01,note_100,RM100,100,75090.48425,750.9048425,Test
2024-03-01,note_100,RM100,100,74918.3598,749.1835980000001,Test
2024-04-01,note_100,RM100,100,74451.0135,744.510135,Test
2024-05-01,note_100,RM100,100,74604.4873,746.0448729999999,Test
2024-06-01,note_100,RM100,100,75309.56745,753.0956745,Test
2024-07-01,note_100,RM100,100,75185.92355,751.8592355000001,Test
2024-08-01,note_100,RM100,100,75489.1039,754.891039,Test
2024-09-01,note_100,RM100,100,75674.5579,756.745579,Test
2024-10-01,note_100,RM100,100,76031.7128,760.3171279999999,Test
2024-11-01,note_100,RM100,100,76447.51985,764.4751984999999,Test
2024-12-01,note_100,RM100,100,78549.52965,785.4952965,Test
2025-01-01,note_100,RM100,100,81008.8851,810.088851,Test
2025-02-01,note_100,RM100,100,79939.96695,799.3996695000001,Test
2025-03-01,note_100,RM100,100,81349.82945,813.4982945,Test
2025-04-01,note_100,RM100,100,80118.70615,801.1870615,Test
2025-05-01,note_100,RM100,100,80078.54775,800.7854775,Test
2025-06-01,note_100,RM100,100,80207.7731,802.0777310000001,Test
2025-07-01,note_100,RM100,100,80727.15225,807.2715225,Test
2025-08-01,note_100,RM100,100,81351.1581,813.511581,Test
2025-09-01,note_100,RM100,100,81470.1778,814.7017780000001,Test
2025-10-01,note_100,RM100,100,82620.54945,826.2054945000001,Test
2025-11-01,note_100,RM100,100,82934.2465,829.342465,Test
2025-12-01,note_100,RM100,100,84504.34095,845.0434094999999,Test
2026-01-01,note_100,RM100,100,86348.4185,863.484185,Test
2026-02-01,note_100,RM100,100,87760.3863,877.6038629999999,Test
