date,year,month,quarter,month_sin,month_cos,holiday_count,pre_holiday_count,post_holiday_count,hari_raya,cny,deepavali,banknote_total_lag_1,banknote_total_lag_3,banknote_total_lag_6,banknote_total_lag_12,banknote_total_roll_3,banknote_total_roll_6,banknote_total_roll_12
2001-01-01,2001,1,1,0.49999999999999994,0.8660254037844387,2,0,3,0,1,0,24484.0,20343.600000000002,20147.8,24419.699999999997,23429.466666666664,21907.283333333336,21162.033333333336
2001-02-01,2001,2,1,0.8660254037844386,0.5000000000000001,0,2,2,0,0,0,25234.2,20570.2,20525.4,21429.199999999997,23903.066666666666,22151.550000000003,21208.850000000002
2001-03-01,2001,3,1,1.0,6.123233995736766e-17,2,0,0,0,0,0,21991.0,24484.0,20286.3,20427.8,22954.5,22376.883333333335,21309.725000000002
2001-04-01,2001,4,2,0.8660254037844387,-0.4999999999999998,0,2,2,0,0,0,21638.300000000003,25234.2,20343.600000000002,20208.6,21725.666666666668,22577.566666666666,21421.31666666667
2001-05-01,2001,5,2,0.49999999999999994,-0.8660254037844387,2,2,0,0,0,0,21547.7,21991.0,20570.2,20167.8,21629.466666666667,22766.266666666666,21549.2
2001-06-01,2001,6,2,1.2246467991473532e-16,-1.0,2,0,2,0,0,0,21702.4,21638.300000000003,24484.0,20119.5,21522.2,22238.350000000002,21648.95
2001-07-01,2001,7,3,-0.4999999999999997,-0.8660254037844388,0,1,2,0,0,0,21316.5,21547.7,25234.2,20147.8,21438.7,21582.183333333334,21744.733333333334
2001-08-01,2001,8,3,-0.8660254037844384,-0.5000000000000004,1,0,0,0,0,0,21297.2,21702.4,21991.0,20525.4,21554.966666666667,21592.21666666667,21871.883333333335
2001-09-01,2001,9,3,-1.0,-1.8369701987210297e-16,0,0,1,0,0,0,22051.2,21316.5,21638.300000000003,20286.3,21770.399999999998,21646.3,22011.59166666667
2001-10-01,2001,10,4,-0.8660254037844386,0.5000000000000001,0,0,0,0,0,0,21962.8,21297.2,21547.7,20343.600000000002,21953.800000000003,21696.250000000004,22136.908333333336
2001-11-01,2001,11,4,-0.5000000000000004,0.8660254037844384,0,3,0,0,0,0,21847.4,22051.2,21702.4,20570.2,22133.266666666666,21844.116666666665,22305.191666666666
2001-12-01,2001,12,4,-2.4492935982947064e-16,1.0,3,0,0,1,0,0,22589.6,21962.8,21316.5,24484.0,22623.699999999997,22197.05,22217.7
2002-01-01,2002,1,1,0.49999999999999994,0.8660254037844387,0,3,3,0,0,0,23434.1,21847.4,21297.2,25234.2,23770.100000000002,22861.95,22222.066666666666
2002-02-01,2002,2,1,0.8660254037844386,0.5000000000000001,3,1,0,0,1,0,25286.6,22589.6,22051.2,21991.0,24455.166666666668,23294.216666666664,22443.216666666664
2002-03-01,2002,3,1,1.0,6.123233995736766e-17,1,0,3,0,0,0,24644.8,23434.1,21962.8,21638.300000000003,24540.766666666666,23582.233333333334,22614.266666666666
2002-04-01,2002,4,2,0.8660254037844387,-0.4999999999999998,0,3,1,0,0,0,23690.9,25286.6,21847.4,21547.7,23977.833333333332,23873.966666666664,22785.108333333334
2002-05-01,2002,5,2,0.49999999999999994,-0.8660254037844387,3,1,0,0,0,0,23597.800000000003,24644.8,22589.6,21702.4,23786.433333333334,24120.800000000003,22982.458333333332
2002-06-01,2002,6,2,1.2246467991473532e-16,-1.0,1,0,3,0,0,0,24070.600000000002,23690.9,23434.1,21316.5,23715.133333333335,24127.95,23162.5
2002-07-01,2002,7,3,-0.4999999999999997,-0.8660254037844388,0,1,1,0,0,0,23477.0,23597.800000000003,25286.6,21297.2,23604.066666666666,23790.95,23326.449999999997
2002-08-01,2002,8,3,-0.8660254037844384,-0.5000000000000004,1,0,0,0,0,0,23264.6,24070.600000000002,24644.8,22051.2,23415.966666666664,23601.2,23447.708333333332
2002-09-01,2002,9,3,-1.0,-1.8369701987210297e-16,0,0,1,0,0,0,23506.3,23477.0,23690.9,21962.8,23398.166666666668,23556.650000000005,23569.441666666666
2002-10-01,2002,10,4,-0.8660254037844386,0.5000000000000001,0,0,0,0,0,0,23423.6,23264.6,23597.800000000003,21847.4,23546.933333333334,23575.5,23724.733333333334
2002-11-01,2002,11,4,-0.5000000000000004,0.8660254037844384,0,3,0,0,0,0,23710.9,23506.3,24070.600000000002,22589.6,24191.600000000002,23803.783333333336,23962.291666666668
2002-12-01,2002,12,4,-2.4492935982947064e-16,1.0,3,0,0,1,0,0,25440.300000000003,23423.6,23477.0,23434.1,24807.433333333334,24102.8,24115.375
2003-01-01,2003,1,1,0.49999999999999994,0.8660254037844387,0,4,3,0,0,0,25271.1,23710.9,23264.6,25286.6,26923.63333333333,25235.283333333336,24513.116666666665
2003-02-01,2003,2,1,0.8660254037844386,0.5000000000000001,4,1,0,0,1,0,30059.5,25440.300000000003,23506.3,24644.8,26986.36666666667,25588.983333333337,24595.091666666664
2003-03-01,2003,3,1,1.0,6.123233995736766e-17,1,0,4,0,0,0,25628.5,25271.1,23423.6,23690.9,27063.233333333334,25935.333333333332,24745.99166666667
2003-04-01,2003,4,2,0.8660254037844387,-0.4999999999999998,0,3,1,0,0,0,25501.699999999997,30059.5,23710.9,23597.800000000003,25462.2,26192.916666666668,24884.208333333332
2003-05-01,2003,5,2,0.49999999999999994,-0.8660254037844387,3,1,0,0,0,0,25256.4,25628.5,25440.300000000003,24070.600000000002,25497.3,26241.833333333332,25022.808333333334
2003-06-01,2003,6,2,1.2246467991473532e-16,-1.0,1,0,3,0,0,0,25733.800000000003,25501.699999999997,25271.1,23477.0,25496.86666666667,26280.050000000003,25191.425
2003-07-01,2003,7,3,-0.4999999999999997,-0.8660254037844388,0,1,1,0,0,0,25500.4,25256.4,30059.5,23264.6,25520.966666666664,25491.583333333332,25363.433333333334
2003-08-01,2003,8,3,-0.8660254037844384,-0.5000000000000004,1,1,0,0,0,0,25328.699999999997,25733.800000000003,25628.5,23506.3,25621.333333333332,25559.316666666666,25574.149999999998
2003-09-01,2003,9,3,-1.0,-1.8369701987210297e-16,1,0,1,0,0,0,26034.899999999998,25500.4,25501.699999999997,23423.6,25764.733333333334,25630.8,25783.066666666666
2003-10-01,2003,10,4,-0.8660254037844386,0.5000000000000001,0,2,1,0,0,0,25930.6,25328.699999999997,25256.4,23710.9,26027.333333333332,25774.149999999998,25983.53333333333
2003-11-01,2003,11,4,-0.5000000000000004,0.8660254037844384,2,1,0,1,0,0,26116.499999999996,26034.899999999998,25733.800000000003,25440.300000000003,27043.600000000002,26332.466666666664,26287.149999999998
2003-12-01,2003,12,4,-2.4492935982947064e-16,1.0,1,2,2,0,0,0,29083.7,25930.6,25500.4,25271.1,27597.899999999998,26681.316666666666,26480.683333333334
2004-01-01,2004,1,1,0.49999999999999994,0.8660254037844387,2,2,1,0,1,0,27593.5,26116.499999999996,25328.699999999997,30059.5,29292.433333333334,27659.883333333335,26575.733333333334
2004-02-01,2004,2,1,0.8660254037844386,0.5000000000000001,2,0,2,0,0,0,31200.100000000002,29083.7,26034.899999999998,25628.5,29134.033333333336,28088.816666666666,26824.066666666666
2004-03-01,2004,3,1,1.0,6.123233995736766e-17,0,0,2,0,0,0,28608.5,27593.5,25930.6,25501.699999999997,29486.63333333333,28542.266666666666,27086.533333333336
2004-04-01,2004,4,2,0.8660254037844387,-0.4999999999999998,0,4,0,0,0,0,28651.299999999996,31200.100000000002,26116.499999999996,25256.4,28810.766666666663,29051.600000000002,27412.875
2004-05-01,2004,5,2,0.49999999999999994,-0.8660254037844387,4,1,0,0,0,0,29172.5,28608.5,29083.7,25733.800000000003,28828.53333333333,28981.28333333333,27656.875
2004-06-01,2004,6,2,1.2246467991473532e-16,-1.0,1,0,4,0,0,0,28661.8,28651.299999999996,27593.5,25500.4,28622.333333333332,29054.483333333334,27867.899999999994
2004-07-01,2004,7,3,-0.4999999999999997,-0.8660254037844388,0,1,1,0,0,0,28032.7,29172.5,31200.100000000002,25328.699999999997,28302.166666666668,28556.466666666664,28108.175
2004-08-01,2004,8,3,-0.8660254037844384,-0.5000000000000004,1,0,0,0,0,0,28212.0,28661.8,28608.5,26034.899999999998,28328.100000000002,28578.316666666666,28333.566666666666
2004-09-01,2004,9,3,-1.0,-1.8369701987210297e-16,0,0,1,0,0,0,28739.600000000002,28032.7,28651.299999999996,25930.6,28442.466666666664,28532.399999999998,28537.333333333332
2004-10-01,2004,10,4,-0.8660254037844386,0.5000000000000001,0,3,0,0,0,0,28375.8,28212.0,29172.5,26116.499999999996,29200.233333333337,28751.2,28901.399999999998
2004-11-01,2004,11,4,-0.5000000000000004,0.8660254037844384,3,1,0,1,0,0,30485.300000000003,28739.600000000002,28661.8,29083.7,29438.5,28883.300000000003,28932.291666666668
2004-12-01,2004,12,4,-2.4492935982947064e-16,1.0,1,1,3,0,0,0,29454.4,28375.8,28032.7,27593.5,30148.266666666666,29295.36666666667,29174.925
2005-01-01,2005,1,1,0.49999999999999994,0.8660254037844387,1,2,1,0,0,0,30505.100000000002,30485.300000000003,28212.0,31200.100000000002,31123.86666666667,30162.05,29359.258333333335
2005-02-01,2005,2,1,0.8660254037844386,0.5000000000000001,2,0,1,0,1,0,33412.1,29454.4,28739.600000000002,28608.5,32021.133333333335,30729.816666666666,29654.06666666667
2005-03-01,2005,3,1,1.0,6.123233995736766e-17,0,1,2,0,0,0,32146.200000000004,30505.100000000002,28375.8,28651.299999999996,32051.900000000005,31100.083333333332,29816.241666666665
2005-04-01,2005,4,2,0.8660254037844387,-0.4999999999999998,1,4,0,0,0,0,30597.4,33412.1,30485.300000000003,29172.5,31219.133333333335,31171.5,29961.350000000002
2005-05-01,2005,5,2,0.49999999999999994,-0.8660254037844387,4,1,1,0,0,0,30913.8,32146.200000000004,29454.4,28661.8,30661.233333333337,31341.183333333334,30112.241666666665
2005-06-01,2005,6,2,1.2246467991473532e-16,-1.0,1,0,4,0,0,0,30472.5,30597.4,30505.100000000002,28032.7,30443.766666666666,31247.833333333332,30271.599999999995
2005-07-01,2005,7,3,-0.4999999999999997,-0.8660254037844388,0,1,1,0,0,0,29945.0,30913.8,33412.1,28212.0,30342.899999999998,30781.016666666666,30471.53333333333
2005-08-01,2005,8,3,-0.8660254037844384,-0.5000000000000004,1,0,0,0,0,0,30611.199999999997,30472.5,32146.200000000004,28739.600000000002,30538.833333333332,30600.033333333336,30664.925
2005-09-01,2005,9,3,-1.0,-1.8369701987210297e-16,0,0,1,0,0,0,31060.299999999996,29945.0,30597.4,28375.8,30820.866666666665,30632.316666666662,30866.2
2005-10-01,2005,10,4,-0.8660254037844386,0.5000000000000001,0,2,0,0,0,0,30791.1,30611.199999999997,30913.8,30485.300000000003,32573.666666666668,31458.28333333333,31314.891666666666
2005-11-01,2005,11,4,-0.5000000000000004,0.8660254037844384,2,2,0,1,0,0,35869.6,31060.299999999996,30472.5,29454.4,32775.5,31657.16666666666,31499.175
2005-12-01,2005,12,4,-2.4492935982947064e-16,1.0,2,4,2,0,0,0,31665.799999999996,30791.1,29945.0,30505.100000000002,33441.933333333334,32131.399999999994,31689.61666666667
2006-01-01,2006,1,1,0.49999999999999994,0.8660254037844387,4,1,2,0,1,0,32790.4,35869.6,30611.199999999997,33412.1,34493.46666666667,33533.566666666666,32157.291666666668
2006-02-01,2006,2,1,0.8660254037844386,0.5000000000000001,1,0,4,0,1,0,39024.2,31665.799999999996,31060.299999999996,32146.200000000004,35204.799999999996,33990.149999999994,32295.091666666664
2006-03-01,2006,3,1,1.0,6.123233995736766e-17,0,1,1,0,0,0,33799.799999999996,32790.4,30791.1,30597.4,35312.93333333334,34377.433333333334,32504.875
2006-04-01,2006,4,2,0.8660254037844387,-0.4999999999999998,1,2,0,0,0,0,33114.8,39024.2,35869.6,30913.8,33495.23333333334,33994.35,32726.316666666666
2006-05-01,2006,5,2,0.49999999999999994,-0.8660254037844387,2,1,1,0,0,0,33571.100000000006,33799.799999999996,31665.799999999996,30472.5,33225.83333333334,34215.31666666667,32936.24166666667
2006-06-01,2006,6,2,1.2246467991473532e-16,-1.0,1,0,2,0,0,0,32991.6,33114.8,32790.4,29945.0,33258.66666666667,34285.799999999996,33208.6
2006-07-01,2006,7,3,-0.4999999999999997,-0.8660254037844388,0,1,1,0,0,0,33213.3,33571.100000000006,39024.2,30611.199999999997,33299.700000000004,33397.46666666667,33465.51666666667
2006-08-01,2006,8,3,-0.8660254037844384,-0.5000000000000004,1,0,0,0,0,0,33694.2,32991.6,33799.799999999996,31060.299999999996,33599.46666666667,33412.65,33701.4
2006-09-01,2006,9,3,-1.0,-1.8369701987210297e-16,0,2,1,0,0,0,33890.899999999994,33213.3,33114.8,30791.1,33804.833333333336,33531.75,33954.59166666667
2006-10-01,2006,10,4,-0.8660254037844386,0.5000000000000001,2,0,0,1,0,0,33829.4,33694.2,33571.100000000006,35869.6,34682.100000000006,33990.9,33992.625
2006-11-01,2006,11,4,-0.5000000000000004,0.8660254037844384,0,2,2,0,0,0,36326.0,33890.899999999994,32991.6,31665.799999999996,34674.466666666674,34136.96666666667,34176.14166666667
2006-12-01,2006,12,4,-2.4492935982947064e-16,1.0,2,1,0,0,0,0,33868.0,33829.4,33213.3,32790.4,35460.43333333334,34632.63333333333,34459.21666666667
2007-01-01,2007,1,1,0.49999999999999994,0.8660254037844387,1,3,2,0,0,0,36187.299999999996,36326.0,33694.2,39024.2,35642.53333333334,35162.31666666666,34279.89166666667
2007-02-01,2007,2,1,0.8660254037844386,0.5000000000000001,3,1,1,0,1,0,36872.3,33868.0,33890.899999999994,33799.799999999996,37176.26666666667,35925.36666666667,34669.00833333333
2007-03-01,2007,3,1,1.0,6.123233995736766e-17,1,0,3,0,0,0,38469.2,36187.299999999996,33829.4,33114.8,37267.06666666667,36363.75,34947.75
2007-04-01,2007,4,2,0.8660254037844387,-0.4999999999999998,0,1,1,0,0,0,36459.7,36872.3,36326.0,33571.100000000006,37495.100000000006,36568.816666666666,35279.85833333333
2007-05-01,2007,5,2,0.49999999999999994,-0.8660254037844387,1,1,0,0,0,0,37556.4,38469.2,33868.0,32991.6,36642.0,36909.13333333333,35523.049999999996
2007-06-01,2007,6,2,1.2246467991473532e-16,-1.0,1,0,1,0,0,0,35909.899999999994,36459.7,36187.299999999996,33213.3,36612.4,36939.73333333333,35786.18333333333
2007-07-01,2007,7,3,-0.4999999999999997,-0.8660254037844388,0,1,1,0,0,0,36370.899999999994,37556.4,36872.3,33694.2,36351.66666666667,36923.38333333333,36042.85
2007-08-01,2007,8,3,-0.8660254037844384,-0.5000000000000004,1,0,0,0,0,0,36774.200000000004,35909.899999999994,38469.2,33890.899999999994,37185.63333333334,36913.816666666666,36419.59166666667
2007-09-01,2007,9,3,-1.0,-1.8369701987210297e-16,0,3,1,0,0,0,38411.8,36370.899999999994,36459.7,33829.4,38331.366666666676,37471.88333333334,36917.816666666666
2007-10-01,2007,10,4,-0.8660254037844386,0.5000000000000001,3,0,0,1,0,0,39808.1,36774.200000000004,37556.4,36326.0,38709.4,37530.53333333333,37049.674999999996
2007-11-01,2007,11,4,-0.5000000000000004,0.8660254037844384,0,2,3,0,0,0,37908.3,38411.8,35909.899999999994,33868.0,38841.36666666667,38013.5,37461.316666666666
2007-12-01,2007,12,4,-2.4492935982947064e-16,1.0,2,1,0,0,0,0,38807.7,39808.1,36370.899999999994,36187.299999999996,39021.5,38676.433333333334,37808.083333333336
2008-01-01,2008,1,1,0.49999999999999994,0.8660254037844387,1,2,2,0,0,0,40348.5,37908.3,36774.200000000004,36872.3,41448.866666666676,40079.13333333334,38501.25833333333
2008-02-01,2008,2,1,0.8660254037844386,0.5000000000000001,2,1,1,0,1,0,45190.4,38807.7,38411.8,38469.2,43185.80000000001,41013.583333333336,38963.700000000004
2008-03-01,2008,3,1,1.0,6.123233995736766e-17,1,0,2,0,0,0,44018.5,40348.5,39808.1,36459.7,44046.70000000001,41534.1,39502.99166666666
2008-04-01,2008,4,2,0.8660254037844387,-0.4999999999999998,0,2,1,0,0,0,42931.2,45190.4,37908.3,37556.4,42969.3,42209.083333333336,39869.808333333334
2008-05-01,2008,5,2,0.49999999999999994,-0.8660254037844387,2,1,0,0,0,0,41958.2,44018.5,38807.7,35909.899999999994,42476.0,42830.9,40422.2
2008-06-01,2008,6,2,1.2246467991473532e-16,-1.0,1,0,2,0,0,0,42538.6,42931.2,40348.5,36370.899999999994,42494.76666666667,43270.73333333333,40973.583333333336
2008-07-01,2008,7,3,-0.4999999999999997,-0.8660254037844388,0,1,1,0,0,0,42987.5,41958.2,45190.4,36774.200000000004,42624.833333333336,42797.066666666666,41438.1
2008-08-01,2008,8,3,-0.8660254037844384,-0.5000000000000004,1,1,0,0,0,0,42348.4,42538.6,44018.5,38411.8,43384.93333333334,42930.46666666667,41972.025
2008-09-01,2008,9,3,-1.0,-1.8369701987210297e-16,1,2,1,0,0,0,44818.899999999994,42987.5,42931.2,39808.1,45615.5,44055.13333333333,42794.61666666666
2008-10-01,2008,10,4,-0.8660254037844386,0.5000000000000001,2,0,1,1,0,0,49679.2,42348.4,41958.2,37908.3,46372.93333333334,44498.88333333333,43353.98333333333
2008-11-01,2008,11,4,-0.5000000000000004,0.8660254037844384,0,3,2,0,0,0,44620.700000000004,44818.899999999994,42538.6,38807.7,46239.13333333334,44812.03333333333,43821.46666666667
2008-12-01,2008,12,4,-2.4492935982947064e-16,1.0,3,2,0,0,0,0,44417.5,49679.2,42987.5,40348.5,45028.466666666674,45321.98333333333,44296.35833333333
2009-01-01,2009,1,1,0.49999999999999994,0.8660254037844387,2,0,3,0,1,0,46047.2,44620.700000000004,42348.4,45190.4,47236.86666666667,46804.899999999994,44800.98333333333
2009-02-01,2009,2,1,0.8660254037844386,0.5000000000000001,0,1,2,0,0,0,51245.899999999994,44417.5,44818.899999999994,44018.5,47847.299999999996,47043.21666666667,44986.84166666667
2009-03-01,2009,3,1,1.0,6.123233995736766e-17,1,0,0,0,0,0,46248.8,46047.2,49679.2,42931.2,47687.43333333334,46357.950000000004,45206.541666666664
2009-04-01,2009,4,2,0.8660254037844387,-0.4999999999999998,0,2,1,0,0,0,45567.600000000006,51245.899999999994,44620.700000000004,41958.2,45823.56666666668,46530.21666666667,45514.549999999996
2009-05-01,2009,5,2,0.49999999999999994,-0.8660254037844387,2,1,0,0,0,0,45654.3,46248.8,44417.5,42538.6,45736.86666666667,46792.083333333336,45802.05833333334
2009-06-01,2009,6,2,1.2246467991473532e-16,-1.0,1,0,2,0,0,0,45988.7,45567.600000000006,46047.2,42987.5,45775.4,46731.416666666664,46026.700000000004
2009-07-01,2009,7,3,-0.4999999999999997,-0.8660254037844388,0,1,1,0,0,0,45683.2,45654.3,51245.899999999994,42348.4,45901.83333333334,45862.700000000004,46333.799999999996
2009-08-01,2009,8,3,-0.8660254037844384,-0.5000000000000004,1,3,0,0,0,0,46033.600000000006,45988.7,46248.8,44818.899999999994,46619.93333333334,46178.4,46610.80833333333
2009-09-01,2009,9,3,-1.0,-1.8369701987210297e-16,3,0,1,1,0,0,48143.0,45683.2,45567.600000000006,49679.2,47349.9,46562.65,46460.299999999996
2009-10-01,2009,10,4,-0.8660254037844386,0.5000000000000001,0,1,3,0,0,0,47873.1,46033.600000000006,45654.3,44620.700000000004,47554.76666666667,46728.299999999996,46629.25833333333
2009-11-01,2009,11,4,-0.5000000000000004,0.8660254037844384,1,2,0,0,0,0,46648.2,48143.0,45988.7,44417.5,47642.73333333334,47131.333333333336,46961.708333333336
2009-12-01,2009,12,4,-2.4492935982947064e-16,1.0,2,0,1,0,0,0,48406.899999999994,47873.1,45683.2,46047.2,48027.86666666667,47688.88333333333,47210.15
2010-01-01,2010,1,1,0.49999999999999994,0.8660254037844387,0,4,2,0,0,0,49028.5,46648.2,46033.600000000006,51245.899999999994,49863.466666666674,48709.11666666666,47285.90833333333
2010-02-01,2010,2,1,0.8660254037844386,0.5000000000000001,4,0,0,0,1,0,52155.0,48406.899999999994,48143.0,46248.8,51412.03333333335,49527.38333333333,47852.89166666666
2010-03-01,2010,3,1,1.0,6.123233995736766e-17,0,0,4,0,0,0,53052.600000000006,49028.5,47873.1,45567.600000000006,51759.26666666667,49893.56666666667,48228.10833333334
2010-04-01,2010,4,2,0.8660254037844387,-0.4999999999999998,0,2,0,0,0,0,50070.2,52155.0,46648.2,45654.3,51008.966666666674,50436.21666666667,48582.25833333333
2010-05-01,2010,5,2,0.49999999999999994,-0.8660254037844387,2,1,0,0,0,0,49904.1,53052.600000000006,48406.899999999994,45988.7,50340.100000000006,50876.06666666667,49003.700000000004
2010-06-01,2010,6,2,1.2246467991473532e-16,-1.0,1,0,2,0,0,0,51046.0,50070.2,49028.5,45683.2,50042.93333333334,50901.1,49294.99166666667
2010-07-01,2010,7,3,-0.4999999999999997,-0.8660254037844388,0,1,1,0,0,0,49178.7,49904.1,52155.0,46033.600000000006,49926.56666666667,50467.76666666666,49588.44166666666
2010-08-01,2010,8,3,-0.8660254037844384,-0.5000000000000004,1,3,0,0,0,0,49555.0,51046.0,53052.600000000006,48143.0,50821.833333333336,50580.96666666667,50054.174999999996
2010-09-01,2010,9,3,-1.0,-1.8369701987210297e-16,3,0,1,1,0,0,53731.8,49178.7,50070.2,47873.1,51228.13333333334,50635.533333333326,50264.549999999996
2010-10-01,2010,10,4,-0.8660254037844386,0.5000000000000001,0,1,3,0,0,0,50397.6,49555.0,49904.1,46648.2,51921.53333333335,50924.049999999996,50680.13333333333
2010-11-01,2010,11,4,-0.5000000000000004,0.8660254037844384,1,2,0,0,0,0,51635.2,53731.8,51046.0,48406.899999999994,50918.93333333333,50870.38333333333,50873.225
2010-12-01,2010,12,4,-2.4492935982947064e-16,1.0,2,0,1,0,0,0,50724.0,50397.6,49178.7,49028.5,51966.4,51597.26666666666,51249.18333333333
2011-01-01,2011,1,1,0.49999999999999994,0.8660254037844387,0,3,2,0,0,0,53540.0,51635.2,49555.0,52155.0,55155.26666666667,53538.4,52003.083333333336
2011-02-01,2011,2,1,0.8660254037844386,0.5000000000000001,3,0,0,0,1,0,61201.8,50724.0,53731.8,53052.600000000006,56819.83333333334,53869.38333333333,52225.174999999996
2011-03-01,2011,3,1,1.0,6.123233995736766e-17,0,0,3,0,0,0,55717.700000000004,53540.0,50397.6,50070.2,56864.70000000001,54415.549999999996,52525.541666666664
2011-04-01,2011,4,2,0.8660254037844387,-0.4999999999999998,0,3,0,0,0,0,53674.600000000006,61201.8,51635.2,49904.1,54996.966666666674,55076.11666666667,53000.083333333336
2011-05-01,2011,5,2,0.49999999999999994,-0.8660254037844387,3,1,0,0,0,0,55598.59999999999,55717.700000000004,50724.0,51046.0,54806.9,55813.36666666667,53341.875
2011-06-01,2011,6,2,1.2246467991473532e-16,-1.0,1,0,3,0,0,0,55147.5,53674.600000000006,53540.0,49178.7,55050.666666666664,55957.68333333334,53777.475000000006
2011-07-01,2011,7,3,-0.4999999999999997,-0.8660254037844388,0,1,1,0,0,0,54405.899999999994,55598.59999999999,61201.8,49555.0,55312.43333333334,55154.700000000004,54346.549999999996
2011-08-01,2011,8,3,-0.8660254037844384,-0.5000000000000004,1,2,0,1,0,0,56383.899999999994,55147.5,55717.700000000004,53731.8,58187.73333333334,56497.31666666667,55183.35
2011-09-01,2011,9,3,-1.0,-1.8369701987210297e-16,2,0,1,1,0,0,63773.399999999994,54405.899999999994,53674.600000000006,50397.6,59028.600000000006,57039.63333333333,55727.59166666667
2011-10-01,2011,10,4,-0.8660254037844386,0.5000000000000001,0,2,2,0,0,0,56928.5,56383.899999999994,55598.59999999999,51635.2,59319.4,57315.916666666664,56196.01666666667
2011-11-01,2011,11,4,-0.5000000000000004,0.8660254037844384,2,2,0,0,0,0,57256.3,63773.399999999994,55147.5,50724.0,57092.63333333334,57640.18333333333,56726.775
2011-12-01,2011,12,4,-2.4492935982947064e-16,1.0,2,2,2,0,0,0,57093.100000000006,56928.5,54405.899999999994,53540.0,57946.63333333334,58487.61666666666,57222.65
2012-01-01,2012,1,1,0.49999999999999994,0.8660254037844387,2,2,2,0,1,0,59490.5,57256.3,56383.899999999994,61201.8,60336.63333333334,59828.01666666667,57491.35833333334
2012-02-01,2012,2,1,0.8660254037844386,0.5000000000000001,2,0,2,0,0,0,64426.3,57093.100000000006,63773.399999999994,55717.700000000004,61026.9,59059.76666666666,57778.541666666664
2012-03-01,2012,3,1,1.0,6.123233995736766e-17,0,0,2,0,0,0,59163.899999999994,59490.5,56928.5,53674.600000000006,60949.43333333333,59448.033333333326,58243.83333333332
2012-04-01,2012,4,2,0.8660254037844387,-0.4999999999999998,0,2,0,0,0,0,59258.09999999999,64426.3,57256.3,55598.59999999999,59743.13333333334,60039.88333333333,58677.899999999994
2012-05-01,2012,5,2,0.49999999999999994,-0.8660254037844387,2,1,0,0,0,0,60807.4,59163.899999999994,57093.100000000006,55147.5,60078.833333333336,60552.86666666667,59096.524999999994
2012-06-01,2012,6,2,1.2246467991473532e-16,-1.0,1,0,2,0,0,0,60171.0,59258.09999999999,59490.5,54405.899999999994,60656.03333333333,60802.73333333334,59645.174999999996
2012-07-01,2012,7,3,-0.4999999999999997,-0.8660254037844388,0,4,1,0,0,0,60989.700000000004,60807.4,64426.3,56383.899999999994,61216.70000000001,60479.916666666664,60153.966666666674
2012-08-01,2012,8,3,-0.8660254037844384,-0.5000000000000004,4,2,0,1,0,0,62489.4,60171.0,59163.899999999994,63773.399999999994,62369.70000000001,61224.26666666666,60142.01666666666
2012-09-01,2012,9,3,-1.0,-1.8369701987210297e-16,2,1,4,0,0,0,63630.0,60989.700000000004,59258.09999999999,56928.5,62670.86666666667,61663.450000000004,60555.74166666667
2012-10-01,2012,10,4,-0.8660254037844386,0.5000000000000001,1,1,2,0,0,0,61893.2,62489.4,60807.4,57256.3,62294.466666666674,61755.583333333336,60897.73333333333
2012-11-01,2012,11,4,-0.5000000000000004,0.8660254037844384,1,1,1,0,0,0,61360.200000000004,63630.0,60171.0,57093.100000000006,61585.80000000001,61977.75,61265.30833333333
2012-12-01,2012,12,4,-2.4492935982947064e-16,1.0,1,1,1,0,0,0,61504.0,61893.2,60989.700000000004,59490.5,62493.966666666674,62582.416666666664,61692.575000000004
2013-01-01,2013,1,1,0.49999999999999994,0.8660254037844387,1,3,1,0,0,0,64617.7,61360.200000000004,62489.4,64426.3,65539.66666666667,63917.06666666666,62198.49166666666
2013-02-01,2013,2,1,0.8660254037844386,0.5000000000000001,3,0,1,0,1,0,70497.3,61504.0,63630.0,59163.899999999994,67885.83333333333,64735.81666666667,62980.041666666664
2013-03-01,2013,3,1,1.0,6.123233995736766e-17,0,0,3,0,0,0,68542.5,64617.7,61893.2,59258.09999999999,68956.40000000001,65725.18333333333,63694.31666666667
2013-04-01,2013,4,2,0.8660254037844387,-0.4999999999999998,0,2,0,0,0,0,67829.4,70497.3,61360.200000000004,60807.4,68168.53333333333,66854.09999999999,64304.84166666667
2013-05-01,2013,5,2,0.49999999999999994,-0.8660254037844387,2,1,0,0,0,0,68133.7,68542.5,61504.0,60171.0,67866.5,67876.16666666667,64926.958333333336
2013-06-01,2013,6,2,1.2246467991473532e-16,-1.0,1,0,2,0,0,0,67636.4,67829.4,64617.7,60989.700000000004,67661.26666666666,68308.83333333333,65445.625
2013-07-01,2013,7,3,-0.4999999999999997,-0.8660254037844388,0,3,1,0,0,0,67213.7,68133.7,70497.3,62489.4,68361.53333333333,68265.03333333333,66091.05
2013-08-01,2013,8,3,-0.8660254037844384,-0.5000000000000004,3,1,0,1,0,0,70234.5,67636.4,68542.5,63630.0,68656.90000000001,68261.7,66498.75833333335
2013-09-01,2013,9,3,-1.0,-1.8369701987210297e-16,1,1,3,0,0,0,68522.5,67213.7,67829.4,61893.2,68905.0,68283.13333333332,67004.15833333333
2013-10-01,2013,10,4,-0.8660254037844386,0.5000000000000001,1,1,1,0,0,0,67958.0,70234.5,68133.7,61360.200000000004,67669.5,68015.51666666666,67434.80833333333
2013-11-01,2013,11,4,-0.5000000000000004,0.8660254037844384,1,1,1,0,0,0,66528.0,68522.5,67636.4,61504.0,67531.33333333333,68094.11666666665,67985.14166666666
2013-12-01,2013,12,4,-2.4492935982947064e-16,1.0,1,2,1,0,0,0,68108.0,67958.0,67213.7,64617.7,68334.43333333333,68619.71666666667,68464.275
2014-01-01,2014,1,1,0.49999999999999994,0.8660254037844387,2,1,1,0,1,0,70367.29999999999,66528.0,70234.5,70497.3,72564.76666666666,70117.13333333335,69191.08333333333
2014-02-01,2014,2,1,0.8660254037844386,0.5000000000000001,1,0,2,0,1,0,79219.0,68108.0,68522.5,68542.5,74452.63333333333,70991.98333333334,69626.84166666666
2014-03-01,2014,3,1,1.0,6.123233995736766e-17,0,0,1,0,0,0,73771.6,70367.29999999999,67958.0,67829.4,75273.16666666667,71803.8,70043.46666666666
2014-04-01,2014,4,2,0.8660254037844387,-0.4999999999999998,0,2,0,0,0,0,72828.9,79219.0,66528.0,68133.7,72856.63333333333,72710.7,70363.10833333334
2014-05-01,2014,5,2,0.49999999999999994,-0.8660254037844387,2,1,0,0,0,0,71969.4,73771.6,68108.0,67636.4,72228.59999999999,73340.61666666665,70717.36666666667
2014-06-01,2014,6,2,1.2246467991473532e-16,-1.0,1,2,2,0,0,0,71887.5,72828.9,70367.29999999999,67213.7,72082.83333333333,73678.0,71148.85833333332
2014-07-01,2014,7,3,-0.4999999999999997,-0.8660254037844388,2,1,1,1,0,0,72391.59999999999,71969.4,79219.0,70234.5,73622.5,73239.56666666667,71678.35
2014-08-01,2014,8,3,-0.8660254037844384,-0.5000000000000004,1,2,2,0,0,0,76588.40000000001,71887.5,73771.6,68522.5,74020.8,73124.7,72058.34166666666
2014-09-01,2014,9,3,-1.0,-1.8369701987210297e-16,2,3,1,0,0,0,73082.4,72391.59999999999,72828.9,67958.0,73837.86666666665,72960.34999999999,72382.075
2014-10-01,2014,10,4,-0.8660254037844386,0.5000000000000001,3,0,2,0,0,0,71842.8,76588.40000000001,71969.4,66528.0,72151.26666666666,72886.88333333333,72798.79166666666
2014-11-01,2014,11,4,-0.5000000000000004,0.8660254037844384,0,1,3,0,0,0,71528.6,73082.4,71887.5,68108.0,72060.53333333334,73040.66666666667,73190.64166666668
2014-12-01,2014,12,4,-2.4492935982947064e-16,1.0,1,1,0,0,0,0,72810.20000000001,71842.8,72391.59999999999,70367.29999999999,73081.06666666667,73459.46666666667,73568.73333333334
2015-01-01,2015,1,1,0.49999999999999994,0.8660254037844387,1,2,1,0,0,0,74904.4,71528.6,76588.40000000001,79219.0,75984.4,74067.83333333333,73653.7
2015-02-01,2015,2,1,0.8660254037844386,0.5000000000000001,2,0,1,0,1,0,80238.59999999999,72810.20000000001,73082.4,73771.6,78982.26666666666,75521.4,74323.05
2015-03-01,2015,3,1,1.0,6.123233995736766e-17,0,0,2,0,0,0,81803.8,74904.4,71842.8,72828.9,80239.13333333332,76660.09999999999,74810.22499999999
2015-04-01,2015,4,2,0.8660254037844387,-0.4999999999999998,0,3,0,0,0,0,78675.0,80238.59999999999,71528.6,71969.4,80130.7,78057.55,75472.21666666666
2015-05-01,2015,5,2,0.49999999999999994,-0.8660254037844387,3,1,0,0,0,0,79913.29999999999,81803.8,72810.20000000001,71887.5,79174.0,79078.13333333333,76059.4
2015-06-01,2015,6,2,1.2246467991473532e-16,-1.0,1,2,3,0,0,0,78933.7,78675.0,74904.4,72391.59999999999,79928.16666666667,80083.65,76771.55833333333
2015-07-01,2015,7,3,-0.4999999999999997,-0.8660254037844388,2,1,1,1,0,0,80937.5,79913.29999999999,80238.59999999999,76588.40000000001,80248.8,80189.75,77128.79166666667
2015-08-01,2015,8,3,-0.8660254037844384,-0.5000000000000004,1,2,2,0,0,0,80875.2,78933.7,81803.8,73082.4,81241.46666666666,80207.73333333334,77864.56666666667
2015-09-01,2015,9,3,-1.0,-1.8369701987210297e-16,2,1,1,0,0,0,81911.7,80937.5,78675.0,71842.8,81490.86666666665,80709.51666666666,78684.80833333333
2015-10-01,2015,10,4,-0.8660254037844386,0.5000000000000001,1,0,2,0,0,0,81685.7,80875.2,79913.29999999999,71528.6,81788.03333333333,81018.41666666667,79537.98333333334
2015-11-01,2015,11,4,-0.5000000000000004,0.8660254037844384,0,2,1,0,0,0,81766.7,81911.7,78933.7,72810.20000000001,82034.0,81637.73333333334,80357.93333333333
2015-12-01,2015,12,4,-2.4492935982947064e-16,1.0,2,0,0,0,0,0,82649.6,81685.7,80937.5,74904.4,83177.16666666667,82334.01666666666,81208.83333333333
2016-01-01,2016,1,1,0.49999999999999994,0.8660254037844387,0,2,2,0,0,0,85115.2,81766.7,80875.2,80238.59999999999,86116.8,83952.41666666667,82071.08333333333
2016-02-01,2016,2,1,0.8660254037844386,0.5000000000000001,2,0,0,0,1,0,90585.6,82649.6,81911.7,81803.8,87936.7,84985.35,82596.54166666667
2016-03-01,2016,3,1,1.0,6.123233995736766e-17,0,0,2,0,0,0,88109.3,85115.2,81685.7,78675.0,87928.96666666667,85553.06666666667,83131.29166666667
2016-04-01,2016,4,2,0.8660254037844387,-0.4999999999999998,0,3,0,0,0,0,85092.0,90585.6,81766.7,79913.29999999999,86493.66666666667,86305.23333333334,83661.825
2016-05-01,2016,5,2,0.49999999999999994,-0.8660254037844387,3,1,0,0,0,0,86279.70000000001,88109.3,82649.6,78933.7,86062.56666666667,86999.63333333335,84318.68333333333
2016-06-01,2016,6,2,1.2246467991473532e-16,-1.0,1,2,3,0,0,0,86816.0,85092.0,85115.2,80937.5,87843.3,87886.13333333335,85110.075
2016-07-01,2016,7,3,-0.4999999999999997,-0.8660254037844388,2,1,1,1,0,0,90434.2,86279.70000000001,90585.6,80875.2,88448.06666666667,87470.86666666665,85711.64166666666
2016-08-01,2016,8,3,-0.8660254037844384,-0.5000000000000004,1,2,2,0,0,0,88094.0,86816.0,88109.3,81911.7,88801.66666666667,87432.11666666665,86208.73333333334
2016-09-01,2016,9,3,-1.0,-1.8369701987210297e-16,2,1,1,0,0,0,87876.79999999999,90434.2,85092.0,81685.7,88316.33333333333,88079.81666666667,86816.44166666667
2016-10-01,2016,10,4,-0.8660254037844386,0.5000000000000001,1,0,2,0,0,0,88978.2,88094.0,86279.70000000001,81766.7,88694.36666666665,88571.21666666667,87438.22499999999
2016-11-01,2016,11,4,-0.5000000000000004,0.8660254037844384,0,3,1,0,0,0,89228.1,87876.79999999999,86816.0,82649.6,89219.76666666666,89010.71666666667,88005.175
2016-12-01,2016,12,4,-2.4492935982947064e-16,1.0,3,3,0,0,0,0,89453.0,88978.2,90434.2,85115.2,91062.13333333335,89689.23333333332,88787.68333333333
2017-01-01,2017,1,1,0.49999999999999994,0.8660254037844387,3,0,3,0,1,0,94505.29999999999,89228.1,88094.0,90585.6,95304.86666666665,91999.61666666665,89735.24166666665
2017-02-01,2017,2,1,0.8660254037844386,0.5000000000000001,0,0,3,0,0,0,101956.3,89453.0,87876.79999999999,88109.3,97670.40000000001,93445.08333333333,90438.59999999999
2017-03-01,2017,3,1,1.0,6.123233995736766e-17,0,1,0,0,0,0,96549.6,94505.29999999999,88978.2,85092.0,98220.53333333334,94641.33333333333,91360.57500000001
2017-04-01,2017,4,2,0.8660254037844387,-0.4999999999999998,1,2,0,0,0,0,96155.70000000001,101956.3,89228.1,86279.70000000001,96508.43333333335,95906.65000000001,92238.93333333333
2017-05-01,2017,5,2,0.49999999999999994,-0.8660254037844387,2,3,1,0,0,0,96820.0,96549.6,89453.0,86816.0,96703.7,97187.05,93098.88333333332
2017-06-01,2017,6,2,1.2246467991473532e-16,-1.0,3,0,2,1,0,0,97135.4,96155.70000000001,94505.29999999999,90434.2,98621.86666666665,98421.20000000001,94055.21666666667
2017-07-01,2017,7,3,-0.4999999999999997,-0.8660254037844388,0,1,3,0,0,0,101910.20000000001,96820.0,101956.3,88094.0,98814.56666666665,97661.5,94830.55833333333
2017-08-01,2017,8,3,-0.8660254037844384,-0.5000000000000004,1,5,0,0,0,0,97398.09999999999,97135.4,96549.6,87876.79999999999,99719.76666666668,98211.73333333334,95828.40833333333
2017-09-01,2017,9,3,-1.0,-1.8369701987210297e-16,5,0,1,0,0,0,99851.0,101910.20000000001,96155.70000000001,88978.2,98289.16666666667,98455.51666666666,96548.425
2017-10-01,2017,10,4,-0.8660254037844386,0.5000000000000001,0,0,5,0,0,0,97618.4,97398.09999999999,96820.0,89228.1,98191.40000000001,98502.98333333334,97204.81666666665
2017-11-01,2017,11,4,-0.5000000000000004,0.8660254037844384,0,2,0,0,0,0,97104.8,99851.0,97135.4,89453.0,97851.93333333333,98785.84999999999,97986.45
2017-12-01,2017,12,4,-2.4492935982947064e-16,1.0,2,0,0,0,0,0,98832.6,97618.4,101910.20000000001,94505.29999999999,98694.40000000001,98491.78333333333,98456.49166666668
2018-01-01,2018,1,1,0.49999999999999994,0.8660254037844387,0,2,2,0,0,0,100145.79999999999,97104.8,97398.09999999999,101956.3,101467.73333333334,99829.56666666667,98745.53333333334
2018-02-01,2018,2,1,0.8660254037844386,0.5000000000000001,2,0,0,0,1,0,105424.79999999999,98832.6,99851.0,96549.6,103466.9333333333,100659.43333333333,99435.58333333333
2018-03-01,2018,3,1,1.0,6.123233995736766e-17,0,0,2,0,0,0,104830.2,100145.79999999999,97618.4,96155.70000000001,104465.03333333333,101579.71666666667,100017.61666666665
2018-04-01,2018,4,2,0.8660254037844387,-0.4999999999999998,0,3,0,0,0,0,103140.1,105424.79999999999,97104.8,96820.0,104289.33333333333,102878.53333333333,100690.75833333335
2018-05-01,2018,5,2,0.49999999999999994,-0.8660254037844387,3,2,0,0,0,0,104897.7,104830.2,98832.6,97135.4,105247.09999999999,104357.01666666666,101571.43333333335
2018-06-01,2018,6,2,1.2246467991473532e-16,-1.0,2,0,3,1,0,0,107703.5,103140.1,100145.79999999999,101910.20000000001,106133.66666666667,105299.35000000002,101895.56666666665
2018-07-01,2018,7,3,-0.4999999999999997,-0.8660254037844388,0,2,2,0,0,0,105799.8,104897.7,105424.79999999999,97398.09999999999,104918.7,104604.01666666666,102216.79166666667
2018-08-01,2018,8,3,-0.8660254037844384,-0.5000000000000004,2,5,0,0,0,0,101252.8,107703.5,104830.2,99851.0,102981.03333333333,104114.06666666667,102386.75
2018-09-01,2018,9,3,-1.0,-1.8369701987210297e-16,5,0,2,0,0,0,101890.5,105799.8,103140.1,97618.4,101146.0,103639.83333333333,102609.77499999998
2018-10-01,2018,10,4,-0.8660254037844386,0.5000000000000001,0,1,5,0,0,0,100294.7,101252.8,104897.7,97104.8,100572.13333333335,102745.41666666667,102811.97500000002
2018-11-01,2018,11,4,-0.5000000000000004,0.8660254037844384,1,1,0,0,0,0,99531.2,101890.5,107703.5,98832.6,99982.09999999999,101481.56666666667,102919.29166666667
2018-12-01,2018,12,4,-2.4492935982947064e-16,1.0,1,0,1,0,0,0,100120.4,100294.7,105799.8,100145.79999999999,100786.59999999999,100966.3,103132.825
2019-01-01,2019,1,1,0.49999999999999994,0.8660254037844387,0,2,1,0,0,0,102708.20000000001,99531.2,101252.8,105424.79999999999,104297.26666666666,102434.7,103519.35833333332
2019-02-01,2019,2,1,0.8660254037844386,0.5000000000000001,2,0,0,0,1,0,110063.2,100120.4,101890.5,104830.2,106030.86666666668,103006.48333333334,103560.27500000001
2019-03-01,2019,3,1,1.0,6.123233995736766e-17,0,0,2,0,0,0,105321.2,102708.20000000001,100294.7,103140.1,106573.16666666667,103679.88333333335,103659.85833333334
2019-04-01,2019,4,2,0.8660254037844387,-0.4999999999999998,0,3,0,0,0,0,104335.1,110063.2,99531.2,104897.7,104914.73333333334,104606.0,103675.70833333333
2019-05-01,2019,5,2,0.49999999999999994,-0.8660254037844387,3,2,0,0,0,0,105087.9,105321.2,100120.4,107703.5,106752.7,106391.78333333333,103936.67499999999
2019-06-01,2019,6,2,1.2246467991473532e-16,-1.0,2,1,3,1,0,0,110835.1,104335.1,102708.20000000001,105799.8,107438.63333333335,107005.90000000001,103986.10000000002
2019-07-01,2019,7,3,-0.4999999999999997,-0.8660254037844388,1,3,2,0,0,0,106392.9,105087.9,110063.2,101252.8,107579.06666666667,106246.89999999998,104340.8
2019-08-01,2019,8,3,-0.8660254037844384,-0.5000000000000004,3,3,1,0,0,0,105509.20000000001,110835.1,105321.2,101890.5,105833.76666666668,106293.23333333334,104649.85833333334
2019-09-01,2019,9,3,-1.0,-1.8369701987210297e-16,3,0,3,0,0,0,105599.2,106392.9,104335.1,100294.7,105487.36666666665,106463.0,105071.44166666667
2019-10-01,2019,10,4,-0.8660254037844386,0.5000000000000001,0,1,3,0,0,0,105353.7,105509.20000000001,105087.9,99531.2,105713.23333333332,106646.15000000001,105626.075
2019-11-01,2019,11,4,-0.5000000000000004,0.8660254037844384,1,1,0,0,0,0,106186.8,105599.2,110835.1,100120.4,106069.16666666667,105951.46666666667,106171.625
2019-12-01,2019,12,4,-2.4492935982947064e-16,1.0,1,3,1,0,0,0,106667.0,105353.7,106392.9,102708.20000000001,107714.09999999999,106600.73333333334,106803.31666666667
2020-01-01,2020,1,1,0.49999999999999994,0.8660254037844387,3,0,1,0,1,0,110288.5,106186.8,105509.20000000001,110063.2,110629.26666666666,108171.25,107209.07500000001
2020-02-01,2020,2,1,0.8660254037844386,0.5000000000000001,0,0,3,0,0,0,114932.29999999999,106667.0,105599.2,105321.2,111957.66666666667,109013.41666666667,107653.325
2020-03-01,2020,3,1,1.0,6.123233995736766e-17,0,0,0,0,0,0,110652.20000000001,110288.5,105353.7,104335.1,112709.40000000001,110211.75,108337.375
2020-04-01,2020,4,2,0.8660254037844387,-0.4999999999999998,0,5,0,0,0,0,112543.7,114932.29999999999,106186.8,105087.9,113568.63333333335,112098.95,109372.54999999999
2020-05-01,2020,5,2,0.49999999999999994,-0.8660254037844387,5,1,0,1,0,0,117510.0,110652.20000000001,106667.0,110835.1,117862.63333333335,114910.15000000001,110430.80833333333
2020-06-01,2020,6,2,1.2246467991473532e-16,-1.0,1,1,5,0,0,0,123534.20000000001,112543.7,110288.5,106392.9,120712.43333333333,116710.91666666667,111655.825
2020-07-01,2020,7,3,-0.4999999999999997,-0.8660254037844388,1,2,1,0,0,0,121093.1,117510.0,114932.29999999999,105509.20000000001,122699.23333333334,118133.93333333335,113152.59166666666
2020-08-01,2020,8,3,-0.8660254037844384,-0.5000000000000004,2,1,1,0,0,0,123470.4,123534.20000000001,110652.20000000001,105599.2,122465.5,120164.06666666667,114588.74166666665
2020-09-01,2020,9,3,-1.0,-1.8369701987210297e-16,1,1,2,0,0,0,122833.0,121093.1,112543.7,105353.7,122922.56666666667,121817.5,116014.625
2020-10-01,2020,10,4,-0.8660254037844386,0.5000000000000001,1,0,1,0,0,0,122464.29999999999,123470.4,117510.0,106186.8,123165.53333333333,122932.38333333335,117515.66666666667
2020-11-01,2020,11,4,-0.5000000000000004,0.8660254037844384,0,1,1,0,0,0,124199.3,122833.0,123534.20000000001,106667.0,123594.0,123029.75,118969.95
2020-12-01,2020,12,4,-2.4492935982947064e-16,1.0,1,0,0,0,0,0,124118.40000000001,122464.29999999999,121093.1,110288.5,124932.30489816667,123927.43578241667,120319.17622454168
2021-01-01,2021,1,1,0.49999999999999994,0.8660254037844387,0,2,1,0,0,0,126479.2146945,124199.3,123470.4,114932.29999999999,128106.64160783333,125636.08747058333,121885.01040195832
2021-02-01,2021,2,1,0.8660254037844386,0.5000000000000001,2,0,0,0,1,0,133722.310129,124118.40000000001,122833.0,110652.20000000001,131785.82525666666,127689.91262833332,123926.9896475
2021-03-01,2021,3,1,1.0,6.123233995736766e-17,0,0,2,0,0,0,135155.9509465,126479.2146945,122464.29999999999,112543.7,134764.99026999998,129848.64758408333,125833.07379204167
2021-04-01,2021,4,2,0.8660254037844387,-0.4999999999999998,0,4,0,0,0,0,135416.7097345,133722.310129,124199.3,117510.0,136360.82951166667,132233.73555975,127583.05944654167
2021-05-01,2021,5,2,0.49999999999999994,-0.8660254037844387,4,1,0,1,0,0,138509.827854,135155.9509465,124118.40000000001,123534.20000000001,137559.43047466667,134672.62786566667,128851.18893283333
2021-06-01,2021,6,2,1.2246467991473532e-16,-1.0,1,1,4,0,0,0,138751.75383549999,135416.7097345,126479.2146945,121093.1,138127.78470483332,136446.38748741665,130186.91163491667
2021-07-01,2021,7,3,-0.4999999999999997,-0.8660254037844388,1,2,1,0,0,0,137121.772425,138509.827854,133722.310129,123470.4,138103.06554116667,137231.94752641665,131434.0174985
2021-08-01,2021,8,3,-0.8660254037844384,-0.5000000000000004,2,1,1,0,0,0,138435.670363,138751.75383549999,135155.9509465,122833.0,138451.53774183334,138005.48410824998,132847.6983682917
2021-09-01,2021,9,3,-1.0,-1.8369701987210297e-16,1,1,2,0,0,0,139797.1704375,137121.772425,135416.7097345,122464.29999999999,139803.40108483334,138965.59289483333,134407.12023945834
2021-10-01,2021,10,4,-0.8660254037844386,0.5000000000000001,1,0,1,0,0,0,141177.36245400002,138435.670363,138509.827854,124199.3,141249.25336783336,139676.15945449998,135954.947507125
2021-11-01,2021,11,4,-0.5000000000000004,0.8660254037844384,0,1,1,0,0,0,142773.227212,139797.1704375,138751.75383549999,124118.40000000001,142269.47372816666,140360.505735,137516.56680033336
2021-12-01,2021,12,4,-2.4492935982947064e-16,1.0,1,0,0,0,0,0,142857.8315185,141177.36245400002,137121.772425,126479.2146945,143864.83611966667,141834.11860225,139140.25304483334
2022-01-01,2022,1,1,0.49999999999999994,0.8660254037844387,0,2,1,0,0,0,145963.4496285,142773.227212,138435.670363,133722.310129,146829.8999685,144039.57666816667,140635.76209729168
2022-02-01,2022,2,1,0.8660254037844386,0.5000000000000001,2,0,0,0,1,0,151668.4187585,142857.8315185,139797.1704375,135155.9509465,148580.80717616665,145425.14045216667,141715.31228020834
2022-03-01,2022,3,1,1.0,6.123233995736766e-17,0,0,2,0,0,0,148110.5531415,145963.4496285,141177.36245400002,135416.7097345,149225.2639418333,146545.05003075,142755.32146279168
2022-04-01,2022,4,2,0.8660254037844387,-0.4999999999999998,0,6,0,0,0,0,147896.8199255,151668.4187585,142773.227212,138509.827854,152303.74138766667,149566.82067808334,144621.49006629168
2022-05-01,2022,5,2,0.49999999999999994,-0.8660254037844387,6,1,0,1,0,0,160903.851096,148110.5531415,142857.8315185,138751.75383549999,155075.27138433335,151828.03928025,146094.272507625
2022-06-01,2022,6,2,1.2246467991473532e-16,-1.0,1,3,6,0,0,0,156425.1431315,147896.8199255,145963.4496285,137121.772425,157353.00246983333,153289.13320583335,147561.62590404166
2022-07-01,2022,7,3,-0.4999999999999997,-0.8660254037844388,3,1,1,0,0,0,154730.013182,160903.851096,151668.4187585,138435.670363,154836.1479975,153569.94469258332,148804.760680375
2022-08-01,2022,8,3,-0.8660254037844384,-0.5000000000000004,1,1,3,0,0,0,153353.287679,156425.1431315,148110.5531415,139797.1704375,153698.87776016665,154387.07457224999,149906.1075122083
2022-09-01,2022,9,3,-1.0,-1.8369701987210297e-16,1,1,1,0,0,0,153013.3324195,154730.013182,147896.8199255,141177.36245400002,152971.9925385,155162.49750416668,150853.77376745833
2022-10-01,2022,10,4,-0.8660254037844386,0.5000000000000001,1,3,1,0,0,0,152549.357517,153353.287679,160903.851096,142773.227212,153060.4910355,153948.3195165,151757.57009729167
2022-11-01,2022,11,4,-0.5000000000000004,0.8660254037844384,3,2,1,0,0,0,153618.78317,153013.3324195,156425.1431315,142857.8315185,153492.80849833332,153595.84312925,152711.94120475
2022-12-01,2022,12,4,-2.4492935982947064e-16,1.0,2,3,3,0,0,0,154310.284808,152549.357517,154730.013182,145963.4496285,155245.7559,154108.87421925,153699.00371254166
2023-01-01,2023,1,1,0.49999999999999994,0.8660254037844387,3,0,2,0,1,0,157808.199722,153618.78317,153353.287679,151668.4187585,157980.0150395,155520.2530375,154545.09886504165
2023-02-01,2023,2,1,0.8660254037844386,0.5000000000000001,0,0,3,0,0,0,161821.5605885,154310.284808,153013.3324195,148110.5531415,158295.29510350002,155894.05180091667,155140.56318658334
2023-03-01,2023,3,1,1.0,6.123233995736766e-17,0,4,0,0,0,0,155256.125,157808.199722,152549.357517,147896.8199255,157943.640413,156594.69815649997,155878.59783033334
2023-04-01,2023,4,2,0.8660254037844387,-0.4999999999999998,4,2,0,1,0,0,156753.2356505,161821.5605885,153618.78317,160903.851096,157691.76678716668,157835.89091333334,155892.10521491666
2023-05-01,2023,5,2,0.49999999999999994,-0.8660254037844387,2,2,4,0,0,0,161065.939711,155256.125,154310.284808,156425.1431315,157573.15933316667,157934.22721833334,155765.03517379166
2023-06-01,2023,6,2,1.2246467991473532e-16,-1.0,2,1,2,0,0,0,154900.302638,156753.2356505,157808.199722,154730.013182,157247.4043695,157595.52239124998,155852.19830525
2023-07-01,2023,7,3,-0.4999999999999997,-0.8660254037844388,1,1,2,0,0,0,155775.9707595,161065.939711,161821.5605885,153353.287679,154922.94656616668,156307.35667666668,155913.80485708333
2023-08-01,2023,8,3,-0.8660254037844384,-0.5000000000000004,1,2,1,0,0,0,154092.566301,154900.302638,155256.125,153013.3324195,154499.309812,156036.23457258331,155965.14318675
2023-09-01,2023,9,3,-1.0,-1.8369701987210297e-16,2,0,1,0,0,0,153629.3923755,155775.9707595,156753.2356505,152549.357517,153850.04517933333,155548.72477441668,156071.71146545833
2023-10-01,2023,10,4,-0.8660254037844386,0.5000000000000001,0,0,2,0,0,0,153828.17686150002,154092.566301,161065.939711,153618.78317,153761.20340133333,154342.07498375,156088.98294854167
2023-11-01,2023,11,4,-0.5000000000000004,0.8660254037844384,0,1,0,0,0,0,153826.040967,153629.3923755,154900.302638,154310.284808,153948.85803750003,154224.08392475,156079.15557154166
2023-12-01,2023,12,4,-2.4492935982947064e-16,1.0,1,0,0,0,0,0,154192.356284,153828.17686150002,155775.9707595,157808.199722,155145.90845766666,154497.9768185,156046.74960487502
2024-01-01,2024,1,1,0.49999999999999994,0.8660254037844387,0,3,1,0,0,0,157419.328122,153826.040967,154092.566301,161821.5605885,157971.55454816666,155866.37897475,156086.86782570832
2024-02-01,2024,2,1,0.8660254037844386,0.5000000000000001,3,0,0,0,1,0,162302.9792385,154192.356284,153629.3923755,155256.125,160890.64005716666,157419.74904733335,156727.99180995833
2024-03-01,2024,3,1,1.0,6.123233995736766e-17,0,2,3,0,0,0,162949.61281099997,157419.328122,153828.17686150002,156753.2356505,163154.60050366668,159150.25448066668,157349.48962754165
2024-04-01,2024,4,2,0.8660254037844387,-0.4999999999999998,2,2,0,1,0,0,164211.2094615,162302.9792385,153826.040967,161065.939711,163087.34509933332,160529.44982374998,157435.76240375
2024-05-01,2024,5,2,0.49999999999999994,-0.8660254037844387,2,2,2,0,0,0,162101.2130255,162949.61281099997,154192.356284,154900.302638,162492.93602649999,161691.78804183332,157957.93598329168
2024-06-01,2024,6,2,1.2246467991473532e-16,-1.0,2,1,2,0,0,0,161166.38559249998,164211.2094615,157419.328122,155775.9707595,161750.46027299998,162452.53038833334,158475.25360341667
2024-07-01,2024,7,3,-0.4999999999999997,-0.8660254037844388,1,1,2,0,0,0,161983.78220100002,162101.2130255,162302.9792385,154092.566301,161247.53931550003,162167.44220741667,159016.91059108335
2024-08-01,2024,8,3,-0.8660254037844384,-0.5000000000000004,1,1,1,0,0,0,160592.450153,161166.38559249998,162949.61281099997,153629.3923755,161126.31172883336,161809.6238776667,159614.6864625
2024-09-01,2024,9,3,-1.0,-1.8369701987210297e-16,1,0,1,0,0,0,160802.70283249998,161983.78220100002,164211.2094615,153828.17686150002,160739.266436,161244.8633545,160197.55891758334
2024-10-01,2024,10,4,-0.8660254037844386,0.5000000000000001,0,0,1,0,0,0,160822.64632250002,160592.450153,162101.2130255,153826.040967,160795.84513766665,161021.69222658334,160775.5710251667
2024-11-01,2024,11,4,-0.5000000000000004,0.8660254037844384,0,1,0,0,0,0,160762.18625799997,160802.70283249998,161166.38559249998,154192.356284,160884.92342166664,161005.61757525,161348.70280854165
2024-12-01,2024,12,4,-2.4492935982947064e-16,1.0,1,2,0,0,0,0,161069.9376845,160822.64632250002,161983.78220100002,157419.328122,162679.176919,161709.2216775,162080.87603291665
2025-01-01,2025,1,1,0.49999999999999994,0.8660254037844387,2,0,1,0,1,0,166205.4068145,160762.18625799997,160592.450153,162302.9792385,166891.56180916668,163843.70347341665,163005.57284041666
2025-02-01,2025,2,1,0.8660254037844386,0.5000000000000001,0,1,2,0,0,0,173399.3409285,161069.9376845,160802.70283249998,162949.61281099997,169785.59478533335,165335.2591035,163572.44149058333
2025-03-01,2025,3,1,1.0,6.123233995736766e-17,1,1,0,1,0,0,169752.036613,166205.4068145,160822.64632250002,164211.2094615,172397.55647983335,167538.36669941666,164391.61502695832
2025-04-01,2025,4,2,0.8660254037844387,-0.4999999999999998,1,2,1,1,0,0,174041.291898,173399.3409285,160762.18625799997,162101.2130255,171134.17783033333,169012.86981975,165017.28102316664
2025-05-01,2025,5,2,0.49999999999999994,-0.8660254037844387,2,3,1,0,0,0,169609.20497999998,169752.036613,161069.9376845,161166.38559249998,170662.44821316664,170224.02149925,165614.81953725
2025-06-01,2025,6,2,1.2246467991473532e-16,-1.0,3,0,2,0,0,0,168336.8477615,174041.291898,166205.4068145,161983.78220100002,168399.10974233333,170398.33311108334,166053.77739429165
2025-07-01,2025,7,3,-0.4999999999999997,-0.8660254037844388,0,1,3,0,0,0,167251.2764855,169609.20497999998,173399.3409285,160592.450153,167543.45057633333,169338.8142033333,166591.258838375
2025-08-01,2025,8,3,-0.8660254037844384,-0.5000000000000004,1,4,0,0,0,0,167042.22748200002,168336.8477615,169752.036613,160802.70283249998,167385.14622416667,169023.79721866667,167179.52816108332
2025-09-01,2025,9,3,-1.0,-1.8369701987210297e-16,4,0,1,0,0,0,167861.934705,167251.2764855,174041.291898,160822.64632250002,167456.38077566668,167927.74525900002,167733.05597920832
2025-10-01,2025,10,4,-0.8660254037844386,0.5000000000000001,0,0,4,0,0,0,167464.98014,167042.22748200002,169609.20497999998,160762.18625799997,168272.626897,167908.03873666667,168460.45427820832
2025-11-01,2025,11,4,-0.5000000000000004,0.8660254037844384,0,1,0,0,0,0,169490.965846,167861.934705,168336.8477615,161069.9376845,168720.6403845,168052.89330433335,169138.45740179167
2025-12-01,2025,12,4,-2.4492935982947064e-16,1.0,1,0,0,0,0,0,169205.97516749997,167464.98014,167251.2764855,166205.4068145,170612.29423416665,169034.33750491668,169716.335308
2026-01-01,2026,1,1,0.49999999999999994,0.8660254037844387,0,0,1,0,0,0,173139.941689,169490.965846,167042.22748200002,173399.3409285,173407.24377683332,170839.93533691668,170089.374770125
2026-02-01,2026,2,1,0.8660254037844386,0.5000000000000001,0,0,0,0,0,0,177875.814474,169205.97516749997,167861.934705,169752.036613,177685.58388816667,173203.11213633334,171113.45467749998
